qid,name,year,category_auto,tags_auto,region,region_final,country,popularity,flags,famous,category_final,notes
Q362,World War II,1939,battle & war,battle & war,multi,,,292,,y,,
Q361,World War I,1914,battle & war,battle & war,multi,,,264,,y,,
Q81068910,COVID-19 pandemic,2019,disaster & accident,disaster & accident,multi,,Afghanistan,213,,y,,
Q8683,Cold War,1945,battle & war,battle & war,,,,210,region_missing,y,,
Q12199,HIV/AIDS,1959,disaster & accident,disaster & accident,,,,209,gap_review;region_missing,y,,
Q2763,The Holocaust,1933,attack & violence,attack & violence,Europe,,German Reich,204,,y,,
Q6534,French Revolution,1789,revolution & uprising,revolution & uprising,Europe,,France,193,,y,,
Q886,The Simpsons,1989,culture & religion,culture & religion,,,,185,region_missing;entity_start,,,
Q110999040,full-scale Russo-Ukrainian war,2022,battle & war,battle & war,Europe,,Belarus,175,,y,,
Q8676,American Civil War,1861,battle & war,battle & war,,,,170,region_missing,y,,
Q10806,September 11 attacks,2001,attack & violence,attack & violence,North America,,United States,169,,y,,
Q12546,Crusades,1095,battle & war,battle & war,,,,168,gap_review;region_missing,y,,
Q8740,Vietnam War,1955,battle & war,battle & war,Asia,,Vietnam,167,,y,,
Q171,wiki,1995,politics & diplomacy,politics & diplomacy,,,,163,category_guess;region_missing,y,,
Q25173,Titanic,1909,disaster & accident,disaster & accident,,,,160,region_missing,y,,
Q12562,Protestant Reformation,1517,culture & religion,culture & religion;society & economy,,,,154,gap_review;region_missing,y,,
Q7310,Nazism,1920,politics & diplomacy,politics & diplomacy,,,,148,gap_review;category_guess;region_missing;entity_start,,,
Q8663,Korean War,1950,battle & war,battle & war,Asia,,North Korea,144,,y,,
Q276,Eurovision Song Contest,1956,politics & diplomacy,politics & diplomacy,,,,142,category_guess;region_missing,y,,
Q79859,2014 FIFA World Cup,2014,culture & religion,culture & religion,South America,,Brazil,139,entity_start;serial_event,,,
Q284163,2022 FIFA World Cup,2022,culture & religion,culture & religion,Asia,,Qatar,137,entity_start;serial_event,,,
Q176883,2010 FIFA World Cup,2010,culture & religion,culture & religion,Africa,,South Africa,136,entity_start;serial_event,,,
Q8736,Treaty of Versailles,1919,politics & diplomacy,politics & diplomacy,Europe,,France,135,,y,,
Q2487,Thirty Years' War,1618,battle & war,battle & war;culture & religion,Europe,,Holy Roman Empire,133,gap_review,y,,
Q8698,Great Depression,1929,society & economy,society & economy;politics & diplomacy,multi,,Afghanistan,133,,y,,
Q8729,Russian Revolution,1917,revolution & uprising,revolution & uprising,North America,,Russian Empire,129,,y,,
Q8567,2008 Summer Olympics,2008,culture & religion,culture & religion,Asia,,People's Republic of China,128,serial_event,,,
Q9683,Tang dynasty,618,politics & diplomacy,politics & diplomacy,,,,128,category_guess;region_missing,y,,
Q10859,Spanish Civil War,1936,battle & war,battle & war,Europe,,Spain,128,,y,,
Q35637,Nobel Peace Prize,1901,culture & religion,culture & religion;politics & diplomacy,,,,128,gap_review;region_missing,y,,
Q37853,Baroque,1590,culture & religion,culture & religion,,,,128,region_missing;entity_start,,,
Q12551,Hundred Years' War,1337,battle & war,battle & war,,,,127,gap_review;region_missing,y,,
Q42005,Black Death,1346,disaster & accident,disaster & accident,multi,,Armenia,127,,y,,
Q486,Chernobyl disaster,1986,disaster & accident,disaster & accident,Europe,,Soviet Union,125,,y,,
Q80034,Armenian Genocide,1915,attack & violence,attack & violence;society & economy,Europe,,Ottoman Empire,125,,y,,
Q7888194,Brexit,2020,politics & diplomacy,politics & diplomacy,Europe,,United Kingdom,125,category_guess,y,,
Q31087,calculator,1960,politics & diplomacy,politics & diplomacy,,,,124,gap_review;category_guess;region_missing,y,,
Q8690,Cultural Revolution,1966,revolution & uprising,revolution & uprising,Asia,,People's Republic of China,122,,y,,
Q127912,United States Declaration of Independence,1776,politics & diplomacy,politics & diplomacy,North America,,United States,122,,y,,
Q6076,Kemerovo Oblast,1943,politics & diplomacy,politics & diplomacy,Europe,,Russia,119,gap_review;category_guess,y,,
Q37285,2006 FIFA World Cup,2006,culture & religion,culture & religion,Europe,,Germany,119,entity_start;serial_event,,,
Q122962941,Gaza War,2020,battle & war,battle & war,Asia,,Iran,119,,y,,
Q8669,Arab–Israeli conflict,1948,battle & war,battle & war,,,,118,gap_review;region_missing,y,,
Q15860072,Russo-Ukrainian war,2014,battle & war,battle & war,Europe,,Belarus,118,,y,,
Q42976,October Revolution,1917,revolution & uprising,revolution & uprising,Europe,,Russian Republic,117,,y,,
Q178810,Syrian Civil War,2011,battle & war,battle & war,Asia,,Syria,116,,y,,
Q8707,Meiji restoration,1868,politics & diplomacy,politics & diplomacy,Asia,,Empire of Japan,114,category_guess,y,,
Q37643,Gulf War,1990,battle & war,battle & war,,,,114,region_missing,y,,
Q40949,American Revolutionary War,1775,battle & war,battle & war;revolution & uprising,,,,114,region_missing,y,,
Q33761,Arab Spring,2010,battle & war,battle & war;revolution & uprising;society & economy,,,,112,region_missing,y,,
Q131144,Tom and Jerry,1940,culture & religion,culture & religion,,,,112,region_missing;entity_start,,,
Q11148,The Guardian,1821,culture & religion,culture & religion,Europe,,United Kingdom,111,entity_start,,,
Q171328,Charter of the United Nations,1945,culture & religion,culture & religion;politics & diplomacy,North America,,,111,region_boxed,y,,
Q483725,Azerbaijani manat,1992,society & economy,society & economy,Asia,,Azerbaijan,111,gap_review,y,,
Q9678,2014 Winter Olympics,2014,culture & religion,culture & religion,Europe,,Russia,110,serial_event,,,
Q545449,Iraq War,2003,battle & war,battle & war,,,,110,region_missing,y,,
Q41044,Russian ruble,1992,society & economy,society & economy,Europe,,Russia,109,,y,,
Q38789,Battle of Stalingrad,1942,battle & war,battle & war,Europe,,Russia,108,,y,,
Q49077,Six-Day War,1967,battle & war,battle & war,,,,108,region_missing,y,,
Q18678082,Nouvelle-Aquitaine,2016,politics & diplomacy,politics & diplomacy,Europe,,France,108,gap_review;category_guess,y,,
Q1092,Star Trek,1966,culture & religion,culture & religion,,,,106,region_missing;entity_start,,,
Q42937,Trojan War,-1258,battle & war,battle & war,,,,106,gap_review;region_missing,y,,
Q130796,Molotov–Ribbentrop Pact,1939,politics & diplomacy,politics & diplomacy,,,,105,region_missing,y,,
Q878985,modernism,1900,culture & religion,culture & religion,,,,105,gap_review;region_missing;entity_start,,,
Q9680,2018 Winter Olympics,2018,culture & religion,culture & religion,Asia,,South Korea,104,serial_event,,,
Q72533,Garfield,1978,politics & diplomacy,politics & diplomacy,,,,104,category_guess;region_missing,y,,
Q488,atomic bombings of Hiroshima and Nagasaki,1945,battle & war,battle & war,Asia,,Empire of Japan,102,,y,,
Q46611,Apollo program,1961,science & exploration,science & exploration,North America,,United States,102,,y,,
Q47735,2002 FIFA World Cup,2002,culture & religion,culture & religion,Asia,,Japan,102,entity_start;serial_event,,,
Q79911,Russian Civil War,1917,battle & war,battle & war,Europe,,Russian Empire,102,,y,,
Q178275,1918–1920 flu pandemic,1918,disaster & accident,disaster & accident,,,,102,region_missing,y,,
Q138503695,2026 Iran War,2026,battle & war,battle & war,Asia,,Iran,102,,y,,
Q43297,Time,1923,culture & religion,culture & religion,North America,,United States,101,entity_start,,,
Q83085,Soviet-Afghan War,1979,battle & war,battle & war,,,,101,region_missing,y,,
Q126065,Iranian Revolution,1970,revolution & uprising,revolution & uprising,Asia,,Iran,101,,y,,
Q21479779,November 2015 Paris attacks,2015,attack & violence,attack & violence,Europe,,France,101,,y,,
Q28667972,One Piece,1997,politics & diplomacy,politics & diplomacy,,,,101,category_guess;region_missing,y,,
Q844,James Bond,1953,politics & diplomacy,politics & diplomacy,,,,100,category_guess;region_missing,y,,
Q254106,Crimean War,1853,battle & war,battle & war,,,,100,region_missing,y,,
Q22923830,2020 United States presidential election,2020,politics & diplomacy,politics & diplomacy,North America,,United States,100,serial_event,,,
Q34316,Doctor Who,1963,culture & religion,culture & religion,,,,99,region_missing;entity_start,,,
Q78994,Napoleonic Wars,1803,battle & war,battle & war,,,,99,region_missing,y,,
Q80330,English Civil War,1642,battle & war,battle & war,,,,99,region_missing,y,,
Q8080,1896 Summer Olympics,1896,culture & religion,culture & religion,Europe,,Kingdom of Greece,98,serial_event,,,
Q33143,Seven Years' War,1756,battle & war,battle & war,,,,98,region_missing,y,,
Q46362,Congress of Vienna,1814,politics & diplomacy,politics & diplomacy,Europe,,Austria,98,,y,,
Q133641,Age of Discovery,1500,science & exploration,science & exploration,,,,98,region_missing,y,,
Q46083,Franco-Prussian War,1870,battle & war,battle & war,,,,97,region_missing,y,,
Q46525,Pulitzer Prize,1917,culture & religion,culture & religion,North America,,United States,97,gap_review;entity_start,,,
Q82664,Iran–Iraq War,1980,battle & war,battle & war,,,,96,region_missing,y,,
Q101110072,2024 United States presidential election,2024,politics & diplomacy,politics & diplomacy,North America,,United States,96,serial_event,,,
Q8450,1980 Summer Olympics,1980,culture & religion,culture & religion,Europe,,Soviet Union,95,serial_event,,,
Q123737,Emmy Award,1949,culture & religion,culture & religion,North America,,United States,95,,y,,
Q744536,The Adventures of Tintin,1929,politics & diplomacy,politics & diplomacy,,,,95,category_guess;region_missing,y,,
Q48432,1930 FIFA World Cup,1930,culture & religion,culture & religion,South America,,Uruguay,94,entity_start;serial_event,,,
Q128160,Cuban Missile Crisis,1962,battle & war,battle & war;politics & diplomacy,North America,,Cuba,94,,y,,
Q47359,Kyoto Protocol,1997,politics & diplomacy,politics & diplomacy,,,,93,category_guess;region_missing,y,,
Q48249,Falklands War,1982,battle & war,battle & war,Europe,,United Kingdom,93,,y,,
Q48314,Battle of Waterloo,1815,battle & war,battle & war,Europe,,Belgium,93,,y,,
Q49100,Yom Kippur War,1973,battle & war,battle & war,,,,93,region_missing,y,,
Q131482,Hijra,622,politics & diplomacy,politics & diplomacy,,,,93,category_guess;region_missing,y,,
Q134949,Winter War,1939,battle & war,battle & war,Europe,,Finland,93,,y,,
Q8531,1996 Summer Olympics,1996,culture & religion,culture & religion,North America,,United States,92,serial_event,,,
Q36204,2011 Tōhoku earthquake and tsunami,2011,disaster & accident,disaster & accident,Asia,,Japan,92,,y,,
Q47170,Prize in Economic Sciences in Memory of Alfred Nobel,1969,culture & religion,culture & religion,Europe,,Sweden,92,gap_review,y,,
Q155629,Sesame Street,1969,culture & religion,culture & religion,,,,92,region_missing;entity_start,,,
Q159821,Summer Olympic Games,1896,culture & religion,culture & religion,,,,92,gap_review;region_missing;entity_start,,,
Q159950,Russo-Japanese War,1904,battle & war,battle & war,,,,92,region_missing,y,,
Q259502,Australian dollar,1966,society & economy,society & economy,Oceania,,Australia,92,gap_review,y,,
Q83055,Operation Barbarossa,1941,battle & war,battle & war,,,,91,region_missing,y,,
Q161227,Yalta Conference,1945,politics & diplomacy,politics & diplomacy,Europe,,Soviet Union,91,,y,,
Q192769,American Revolution,1763,revolution & uprising,revolution & uprising;politics & diplomacy,North America,,United States,91,,y,,
Q8438,1972 Summer Olympics,1972,culture & religion,culture & religion,Europe,,Germany,90,serial_event,,,
Q99717,1989 Tiananmen Square protests and massacre,1989,attack & violence,attack & violence;society & economy,Asia,,People's Republic of China,90,,y,,
Q170314,Second Sino-Japanese War,1937,battle & war,battle & war,,,,90,region_missing,y,,
Q189266,Eastern Front,1941,battle & war,battle & war,Europe,,Soviet Union,90,,y,,
Q5167679,dissolution of the Soviet Union,1991,politics & diplomacy,politics & diplomacy,Europe,,Soviet Union,90,,y,,
Q116691303,2023 Turkey–Syria earthquakes,2023,disaster & accident,disaster & accident,Asia,,Syria,90,,y,,
Q4576,Marshall Plan,1948,politics & diplomacy,politics & diplomacy,North America,,United States,89,,y,,
Q8118,1912 Summer Olympics,1912,culture & religion,culture & religion,Europe,,Sweden,89,gap_review;serial_event,,,
Q11264,Cuban Revolution,1953,revolution & uprising,revolution & uprising,North America,,Cuba,89,,y,,
Q81545,Libyan Civil War,2011,battle & war,battle & war;revolution & uprising,Africa,,Libya,89,,y,,
Q127050,Manhattan Project,1939,science & exploration,science & exploration;battle & war,multi,,Canada,89,gap_review,y,,
Q124086054,Gaza genocide,2023,attack & violence,attack & violence;politics & diplomacy,Asia,,Israel and The Occupied Territories,89,,y,,
Q12583,Spanish–American War,1898,battle & war,battle & war,,,,88,region_missing,y,,
Q26013,War of 1812,1812,battle & war,battle & war,,,,88,region_missing,y,,
Q46938,1986 FIFA World Cup,1986,culture & religion,culture & religion,North America,,Mexico,88,entity_start;serial_event,,,
Q52418,Attack on Pearl Harbor,1941,battle & war,battle & war,North America,,United States,88,,y,,
Q80130,Nuremberg trials,1945,society & economy,society & economy;battle & war,Europe,,Germany,88,,y,,
Q132515,1950 FIFA World Cup,1950,culture & religion,culture & religion,South America,,Brazil,88,entity_start;serial_event,,,
Q133423,Valley of the Kings,-1500,politics & diplomacy,politics & diplomacy,Africa,,Egypt,88,gap_review;category_guess,y,,
Q139564,Atlantic City,1854,politics & diplomacy,politics & diplomacy,North America,,United States,88,gap_review;category_guess,y,,
Q151622,Israeli–Palestinian conflict,1948,battle & war,battle & war,,,,88,gap_review;region_missing,y,,
Q49101,Suez Crisis,1956,battle & war,battle & war;science & exploration;politics & diplomacy,,,,87,region_missing,y,,
Q79967,2011 Norway attacks,2011,attack & violence,attack & violence,Europe,,Norway,87,,y,,
Q101534,February Revolution,1917,revolution & uprising,revolution & uprising,North America,,Russian Empire,87,,y,,
Q131297,1994 Genocide against Tutsi,1994,attack & violence,attack & violence;battle & war,Africa,,Rwanda,87,,y,,
Q21707860,Paris Agreement,2015,politics & diplomacy,politics & diplomacy,Europe,,France,87,,y,,
Q8150,1936 Summer Olympics,1936,culture & religion,culture & religion,Europe,,German Reich,86,serial_event,,,
Q51649,First Crusade,1090,battle & war,battle & war;culture & religion,,,,86,region_missing,y,,
Q56039,German reunification,1989,politics & diplomacy,politics & diplomacy,Europe,,German Democratic Republic,86,,y,,
Q130754,2004 Indian Ocean earthquake,2004,disaster & accident,disaster & accident,multi,,Bangladesh,86,,y,,
Q154255,Munich agreement,1938,politics & diplomacy,politics & diplomacy,Europe,,Germany,86,,y,,
Q187152,Balfour Declaration,1917,politics & diplomacy,politics & diplomacy,,,,86,region_missing,y,,
Q8420,1964 Summer Olympics,1964,culture & religion,culture & religion,Asia,,Japan,85,serial_event,,,
Q46943,1978 FIFA World Cup,1978,culture & religion,culture & religion,South America,,Argentina,85,entity_start;serial_event,,,
Q101751,1994 FIFA World Cup,1994,culture & religion,culture & religion,North America,,United States,85,entity_start;serial_event,,,
Q131075,1954 FIFA World Cup,1954,culture & religion,culture & religion,Europe,,Switzerland,85,entity_start;serial_event,,,
Q133331,First Council of Nicaea,325,culture & religion,culture & religion,Europe,,Roman Empire,85,,y,,
Q134202,1966 FIFA World Cup,1966,culture & religion,culture & religion,Europe,,United Kingdom,85,entity_start;serial_event,,,
Q179975,Chinese Civil War,1927,battle & war,battle & war,Asia,,Republic of China,85,gap_review,y,,
Q339747,hippie,1960,politics & diplomacy,politics & diplomacy,,,,85,category_guess;region_missing,y,,
Q8132,1924 Summer Olympics,1924,culture & religion,culture & religion,Europe,,France,84,serial_event,,,
Q8456,1984 Summer Olympics,1984,culture & religion,culture & religion,North America,,United States,84,serial_event,,,
Q51122,Unification of Italy,1815,society & economy,society & economy;politics & diplomacy,Europe,,Kingdom of Italy,84,gap_review,y,,
Q164746,The Wall Street Journal,1889,science & exploration,science & exploration;culture & religion,,,,84,region_missing;entity_start,,,
Q501663,Thomas & Friends,1984,culture & religion,culture & religion,,,,84,region_missing;entity_start,,,
Q699872,2016 United States presidential election,2016,politics & diplomacy,politics & diplomacy,North America,,United States,84,serial_event,,,
Q127421251,attempted assassination of Donald Trump in Pennsylvania,2024,attack & violence,attack & violence;politics & diplomacy,North America,,United States,84,,y,,
Q8128,1920 Summer Olympics,1920,culture & religion,culture & religion,Europe,,Belgium,83,serial_event,,,
Q8411,1956 Summer Olympics,1956,culture & religion,culture & religion,Oceania,,Australia,83,serial_event,,,
Q8415,1960 Summer Olympics,1960,culture & religion,culture & religion,Europe,,Italy,83,serial_event,,,
Q8444,1976 Summer Olympics,1976,culture & religion,culture & religion,North America,,Canada,83,serial_event,,,
Q11146,Maastricht Treaty,1992,politics & diplomacy,politics & diplomacy,Europe,,Netherlands,83,,y,,
Q28835,Fields medal,1936,culture & religion,culture & religion,,,,83,gap_review;region_missing,y,,
Q42761,Watergate scandal,1972,politics & diplomacy,politics & diplomacy,North America,,United States,83,,y,,
Q43777,2010 Haiti earthquake,2010,disaster & accident,disaster & accident,North America,,Haiti,83,,y,,
Q46934,1982 FIFA World Cup,1982,culture & religion,culture & religion,Europe,,Spain,83,entity_start;serial_event,,,
Q160813,1962 FIFA World Cup,1962,culture & religion,culture & religion,South America,,Chile,83,entity_start;serial_event,,,
Q182865,War in Afghanistan (2001–2021),2001,battle & war,battle & war,Asia,,Afghanistan,83,,y,,
Q199820,Paris Peace Conference,1919,politics & diplomacy,politics & diplomacy,Europe,,France,83,,y,,
Q620735,Russo-Georgian War,2008,battle & war,battle & war,Asia,,,83,region_boxed,y,,
Q2822795,Schengen Agreement,1985,politics & diplomacy,politics & diplomacy,Europe,,,83,region_boxed,y,,
Q98073118,2020 Beirut explosions,2020,disaster & accident,disaster & accident,Asia,,Lebanon,83,,y,,
Q8403,1948 Summer Olympics,1948,culture & religion,culture & religion,Europe,,United Kingdom,82,serial_event,,,
Q8429,1968 Summer Olympics,1968,culture & religion,culture & religion,North America,,Mexico,82,serial_event,,,
Q46904,Global System for Mobile Communications,1990,politics & diplomacy,politics & diplomacy,,,,82,category_guess;region_missing,y,,
Q128168,Counter-Reformation,1545,culture & religion,culture & religion;society & economy,,,,82,region_missing,y,,
Q162401,Prague Spring,1968,politics & diplomacy,politics & diplomacy,,,,82,category_guess;region_missing,y,,
Q8407,1952 Summer Olympics,1952,culture & religion,culture & religion,Europe,,Finland,81,serial_event,,,
Q33745,Peloponnesian War,-431,battle & war,battle & war,,,,81,gap_review;region_missing,y,,
Q125953,Tunguska event,1908,disaster & accident,disaster & accident,North America,,Russian Empire,81,,y,,
Q127751,Wars of the Roses,1455,battle & war,battle & war,Europe,,Kingdom of England,81,,y,,
Q129053,partition of India,1947,politics & diplomacy,politics & diplomacy,Asia,,British Raj,81,,y,,
Q129864,Indian Mutiny of 1857,1857,battle & war,battle & war;revolution & uprising;politics & diplomacy,Asia,,India,81,,y,,
Q150820,Playboy,1953,culture & religion,culture & religion,,,,81,region_missing;entity_start,,,
Q150995,Peace of Westphalia,1648,politics & diplomacy,politics & diplomacy,,,,81,region_missing,y,,
Q161376,Miss Universe,1952,politics & diplomacy,politics & diplomacy,multi,,Thailand,81,category_guess,y,,
Q164348,Hungarian Revolution of 1956,1956,revolution & uprising,revolution & uprising,Europe,,Hungary,81,,y,,
Q182814,Antarctic Treaty System,1959,politics & diplomacy,politics & diplomacy,,,,81,region_missing,y,,
Q9583,1924 Winter Olympics,1924,culture & religion,culture & religion,Europe,,France,80,serial_event,,,
Q45578,2008 United States presidential election,2008,politics & diplomacy,politics & diplomacy,North America,,United States,80,serial_event,,,
Q83224,Battle of Hastings,1066,battle & war,battle & war,Europe,,Kingdom of England,80,,y,,
Q152283,Central Powers,1914,battle & war,battle & war,,,,80,region_missing,y,,
Q160077,Fall of Constantinople,1453,battle & war,battle & war,multi,,Byzantine Empire,80,,y,,
Q165725,Balkan Wars,1912,battle & war,battle & war,,,,80,region_missing,y,,
Q177859,Triple Entente,1892,battle & war,battle & war,,,,80,gap_review;region_missing,y,,
Q486124,Battle of Badr,624,battle & war,battle & war,Africa,,,80,region_boxed,y,,
Q896666,2007–2008 financial crisis,2007,society & economy,society & economy;politics & diplomacy,,,,80,region_missing,y,,
Q52843,Treaty of Lisbon,2007,politics & diplomacy,politics & diplomacy,Europe,,Portugal,79,,y,,
Q150812,1939 Invasion of Poland,1939,battle & war,battle & war,,,,79,region_missing,y,,
Q151616,Great Northern War,1700,battle & war,battle & war,,,,79,gap_review;region_missing,y,,
Q179250,French invasion of Russia,1812,battle & war,battle & war,,,,79,region_missing,y,,
Q485240,Billboard,1894,culture & religion,culture & religion,North America,,United States,79,gap_review;entity_start,,,
Q29269,First Chechen War,1994,battle & war,battle & war,,,,78,region_missing,y,,
Q150229,Boxer Rebellion,1899,revolution & uprising,revolution & uprising;society & economy,multi,,Empire of Japan,78,,y,,
Q150701,War of the Spanish Succession,1701,battle & war,battle & war,multi,,,78,,y,,
Q170170,Ramsar Convention,1971,politics & diplomacy,politics & diplomacy,Africa,,,78,category_guess;region_boxed,y,,
Q171416,Battle of Trafalgar,1805,battle & war,battle & war,Europe,,Kingdom of Spain,78,,y,,
Q172991,Council of Trent,1545,culture & religion,culture & religion,,,,78,gap_review;region_missing,y,,
Q177918,First Balkan War,1912,battle & war,battle & war,,,,78,region_missing,y,,
Q181533,War in Bosnia and Herzegovina,1992,battle & war,battle & war,,,,78,region_missing,y,,
Q186444,Treaty on the Non-Proliferation of Nuclear Weapons,1968,politics & diplomacy,politics & diplomacy,Europe,,Germany,78,,y,,
Q202040,won,1947,society & economy,society & economy,Asia,,South Korea,78,gap_review,y,,
Q23365300,2016 Brussels bombings,2016,attack & violence,attack & violence,Europe,,Belgium,78,,y,,
Q25893254,2016 Nice attack,2016,attack & violence,attack & violence,Europe,,France,78,,y,,
Q51656,Fourth Crusade,1202,battle & war,battle & war;culture & religion,,,,77,region_missing,y,,
Q151187,Potsdam Conference,1945,politics & diplomacy,politics & diplomacy,Europe,,Germany,77,,y,,
Q154681,Anschluss,1938,politics & diplomacy,politics & diplomacy,Europe,,Federal State of Austria,77,,y,,
Q154720,Battle of Britain,1940,battle & war,battle & war,Europe,,United Kingdom,77,,y,,
Q178687,First Sino-Japanese War,1894,battle & war,battle & war,,,,77,region_missing,y,,
Q25906338,2016 Turkish coup d'état attempt,2016,politics & diplomacy,politics & diplomacy,Asia,,Turkey,77,,y,,
Q62066211,Christchurch mosque shootings,2019,attack & violence,attack & violence;culture & religion,Oceania,,New Zealand,77,,y,,
Q6683,Mexican-American War,1840,battle & war,battle & war,North America,,United States,76,,y,,
Q9664,1998 Winter Olympics,1998,culture & religion,culture & religion,Asia,,Japan,76,serial_event,,,
Q16422,Hurricane Katrina,2005,disaster & accident,disaster & accident,,,,76,region_missing,y,,
Q31900,Battle of Marathon,-490,battle & war,battle & war,Europe,,Greece,76,,y,,
Q154705,unification of Germany,1866,politics & diplomacy,politics & diplomacy,Europe,,Germany,76,,y,,
Q191282,First Opium War,1839,battle & war,battle & war,Asia,,British India,76,,y,,
Q15224558,Euromaidan,2010,society & economy,society & economy;politics & diplomacy,Europe,,Ukraine,76,,y,,
Q134900605,Twelve-Day War,2025,battle & war,battle & war,Asia,,Iran,76,,y,,
Q6271,Second Punic War,-218,battle & war,battle & war,Europe,,Spain,75,,y,,
Q36756,Kristallnacht,1938,attack & violence,attack & violence,Europe,,German Reich,75,,y,,
Q51654,Second Crusade,1147,battle & war,battle & war;culture & religion,,,,75,region_missing,y,,
Q134114,Battle of Austerlitz,1805,battle & war,battle & war,Europe,,Austrian Empire,75,,y,,
Q134301,Katyn massacre,1940,attack & violence,attack & violence;battle & war,Europe,,Soviet Union,75,,y,,
Q151340,Battle of France,1940,battle & war,battle & war,Europe,,Belgium,75,,y,,
Q164432,Eighty Years' War,1568,battle & war,battle & war;revolution & uprising,Europe,,Seventeen Provinces,75,gap_review,y,,
Q164983,Gallipoli Campaign,1915,battle & war,battle & war,multi,,Ottoman Empire,75,,y,,
Q174205,Tenth Russo-Turkish War,1877,battle & war,battle & war,,,,75,region_missing,y,,
Q184425,Pacific War,1941,battle & war,battle & war,,,,75,region_missing,y,,
Q1472704,New Zealand dollar,1967,society & economy,society & economy,Oceania,,New Zealand,75,,y,,
Q15908324,Malaysia Airlines Flight 370,2014,disaster & accident,disaster & accident,multi,,Australia,75,,y,,
Q18718876,Charlie Hebdo shooting,2015,attack & violence,attack & violence,Europe,,France,75,,y,,
Q104705419,January 6 United States Capitol attack,2021,battle & war,battle & war;revolution & uprising;society & economy;politics & diplomacy,North America,,United States,75,,y,,
Q1932,space race,1957,science & exploration,science & exploration,,,,74,gap_review;region_missing,y,,
Q9652,1980 Winter Olympics,1980,culture & religion,culture & religion,North America,,United States,74,serial_event,,,
Q16470,Normandy landings,1944,battle & war,battle & war,Europe,,France,74,,y,,
Q49104,2006 Lebanon War,2006,battle & war,battle & war,Asia,,Israel,74,,y,,
Q51402,Stonewall riots,1969,society & economy,society & economy,North America,,United States,74,,y,,
Q130861,Battle of Kursk,1943,battle & war,battle & war,Europe,,Soviet Union,74,,y,,
Q154182,Battle of Berlin,1945,battle & war,battle & war,Europe,,Germany,74,,y,,
Q163891,St. Bartholomew's Day massacre,1572,attack & violence,attack & violence,Europe,,Kingdom of France,74,,y,,
Q170850,Anglo-Zanzibar War,1896,battle & war,battle & war,Africa,,,74,region_boxed,y,,
Q192341,I Have a Dream,1963,politics & diplomacy,politics & diplomacy,North America,,,74,region_boxed,y,,
Q15920546,Russian annexation of Crimea,2014,battle & war,battle & war;politics & diplomacy,Europe,,Republic of Crimea,74,,y,,
Q17374096,Malaysia Airlines Flight 17,2014,politics & diplomacy,politics & diplomacy,Asia,,Malaysia,74,category_guess,y,,
Q19830062,April 2015 Nepal earthquake,2015,disaster & accident,disaster & accident,Asia,,Bangladesh,74,,y,,
Q3588,European Revolutions of 1848,1848,revolution & uprising,revolution & uprising,,,,73,region_missing,y,,
Q29198,2011 Egyptian revolution,2011,society & economy,society & economy;revolution & uprising,Africa,,Egypt,73,,y,,
Q51655,Third Crusade,1189,battle & war,battle & war;culture & religion,,,,73,region_missing,y,,
Q151860,Siege of Leningrad,1941,battle & war,battle & war,Europe,,Soviet Union,73,,y,,
Q169789,Second Vatican Council,1962,culture & religion,culture & religion,,,,73,region_missing,y,,
Q170334,Srebrenica massacre,1995,attack & violence,attack & violence;battle & war,Europe,,Bosnia and Herzegovina,73,,y,,
Q171178,Fukushima Daiichi nuclear disaster,2011,disaster & accident,disaster & accident,Asia,,Japan,73,,y,,
Q182062,Greek War of Independence,1821,battle & war,battle & war;politics & diplomacy,,,,73,region_missing,y,,
Q185729,War on Terrorism,2001,battle & war,battle & war;attack & violence,,,,73,region_missing,y,,
Q187650,Great Purge,1936,attack & violence,attack & violence,Europe,,Soviet Union,73,,y,,
Q190029,Kosovo War,1998,battle & war,battle & war,,,,73,region_missing,y,,
Q190951,Singapore dollar,1967,society & economy,society & economy,Asia,,Singapore,73,gap_review,y,,
Q192055,Nanjing Massacre,1937,attack & violence,attack & violence;battle & war,Asia,,Republic of China,73,,y,,
Q193258,Treaty of Lausanne,1923,politics & diplomacy,politics & diplomacy,,,,73,region_missing,y,,
Q16335075,War in Donbas,2014,battle & war,battle & war,Europe,,Ukraine,73,,y,,
Q99659280,Second Nagorno-Karabakh War,2020,battle & war,battle & war,Asia,,Armenia,73,,y,,
Q137671016,2026 United States strikes in Venezuela,2026,battle & war,battle & war;society & economy,South America,,Venezuela,73,,y,,
Q6743,May 68,1968,society & economy,society & economy,Europe,,France,72,,y,,
Q9615,1948 Winter Olympics,1948,culture & religion,culture & religion,Europe,,Switzerland,72,serial_event,,,
Q19024,Boston Tea Party,1773,society & economy,society & economy,North America,,United States,72,,y,,
Q33511,Rolling Stone,1967,culture & religion,culture & religion,North America,,United States,72,entity_start,,,
Q33570,Battle of Grunwald,1410,battle & war,battle & war,Europe,,Kingdom of Poland,72,,y,,
Q167457,Treaty of Rome,1957,politics & diplomacy,politics & diplomacy,,,,72,gap_review;region_missing,y,,
Q200790,Algerian War,1954,battle & war,battle & war;politics & diplomacy,,,,72,region_missing,y,,
Q23055386,Eurovision Song Contest 2017,2017,culture & religion,culture & religion,Europe,,Ukraine,72,serial_event,,,
Q125092492,Crocus City Hall attack,2024,attack & violence,attack & violence;disaster & accident,Europe,,Russia,72,,y,,
Q133574091,2025 Myanmar earthquake,2025,disaster & accident,disaster & accident,Asia,,Myanmar,72,,y,,
Q13582,Berlin Conference,1884,politics & diplomacy,politics & diplomacy,Europe,,German Empire,71,,y,,
Q16068,Deutsche Mark,1948,society & economy,society & economy,Europe,,Germany,71,,y,,
Q130847,Battle of Verdun,1916,battle & war,battle & war,Europe,,France,71,,y,,
Q150974,Tehran Conference,1943,politics & diplomacy,politics & diplomacy,Africa,,,71,region_boxed,y,,
Q165425,Battle of Lepanto,1571,battle & war,battle & war,Europe,,Greece,71,,y,,
Q184928,Russian Revolution of 1905,1905,revolution & uprising,revolution & uprising,North America,,Russian Empire,71,,y,,
Q186284,Polish–Soviet War,1919,battle & war,battle & war,,,,71,region_missing,y,,
Q188289,Pakistani rupee,1948,society & economy,society & economy,Asia,,Pakistan,71,gap_review,y,,
Q191874,Tony Awards,1947,culture & religion,culture & religion,North America,,United States,71,,y,,
Q21812812,2016 United Kingdom European Union membership referendum,2016,politics & diplomacy,politics & diplomacy,Europe,,United Kingdom,71,,y,,
Q122371,Treaty of Brest-Litovsk,1918,politics & diplomacy,politics & diplomacy,Europe,,,70,region_boxed,y,,
Q132568,Battle of the Somme,1916,battle & war,battle & war,Europe,,France,70,,y,,
Q164679,Great Fire of London,1666,disaster & accident,disaster & accident,Europe,,Kingdom of England,70,,y,,
Q181902,Treaty of Trianon,1920,politics & diplomacy,politics & diplomacy,Europe,,France,70,,y,,
Q184183,Second Balkan War,1913,battle & war,battle & war,,,,70,region_missing,y,,
Q68962,Pannonian Avars,600,politics & diplomacy,politics & diplomacy,,,,69,gap_review;category_guess;region_missing,y,,
Q126631,Hannah Montana,2006,culture & religion,culture & religion,,,,69,region_missing;entity_start,,,
Q183644,Pravda,1912,culture & religion,culture & religion,Europe,,Russia,69,gap_review;entity_start,,,
Q201424,nuclear warfare,1940,battle & war,battle & war,,,,69,gap_review;region_missing,y,,
Q214426,Mexican Revolution,1910,battle & war,battle & war;revolution & uprising,North America,,Mexico,69,,y,,
Q1458570,2014 Scottish independence referendum,2014,politics & diplomacy,politics & diplomacy,Europe,,United Kingdom,69,,y,,
Q63819987,Artemis program,2017,science & exploration,science & exploration,North America,,United States,69,,y,,
Q95579249,murder of George Floyd,2020,society & economy,society & economy,North America,,United States,69,,y,,
Q130783,Night of the Long Knives,1934,attack & violence,attack & violence,Europe,,Nazi Germany,68,,y,,
Q173077,Battle of Tours,732,battle & war,battle & war,Europe,,France,68,,y,,
Q182515,Treaty of Sèvres,1920,politics & diplomacy,politics & diplomacy,Europe,,France,68,,y,,
Q193270,Lateran Treaty,1929,politics & diplomacy,politics & diplomacy,Europe,,Italy,68,,y,,
Q234738,Turkish War of Independence,1919,battle & war,battle & war;politics & diplomacy,Asia,,Turkey,68,,y,,
Q277072,Convention on the Elimination of All Forms of Discrimination against Women,1979,culture & religion,culture & religion;politics & diplomacy,,,,68,region_missing,y,,
Q836386,Orange Revolution,2004,revolution & uprising,revolution & uprising,Europe,,Ukraine,68,,y,,
Q3125096,Meiji era,1868,politics & diplomacy,politics & diplomacy,Asia,,Japan,68,category_guess,y,,
Q4661508,Chelyabinsk meteor,2013,politics & diplomacy,politics & diplomacy,Europe,,Russia,68,category_guess,y,,
Q32929,War of the Austrian Succession,1740,battle & war,battle & war,,,,67,region_missing,y,,
Q152499,Peninsular War,1808,battle & war,battle & war,Europe,,Kingdom of Spain,67,,y,,
Q153650,Austro-Prussian War,1866,battle & war,battle & war,,,,67,region_missing,y,,
Q154008,Vogue,1892,culture & religion,culture & religion,,,,67,region_missing;entity_start,,,
Q155801,Revolutionary Armed Forces of Colombia,1964,attack & violence,attack & violence;battle & war;revolution & uprising,South America,,Colombia,67,gap_review,y,,
Q171784,Eurovision Song Contest 1956,1956,culture & religion,culture & religion,Europe,,Switzerland,67,serial_event,,,
Q173034,Battle of Midway,1942,battle & war,battle & war,North America,,United States,67,,y,,
Q178510,Battle of Mohács,1526,battle & war,battle & war,Europe,,Hungary,67,,y,,
Q179591,Battle of Cannae,-216,battle & war,battle & war,Europe,,Ancient Rome,67,,y,,
Q183140,ozone depletion,1950,politics & diplomacy,politics & diplomacy,,,,67,gap_review;category_guess;region_missing,y,,
Q186356,New Deal,1933,politics & diplomacy,politics & diplomacy,North America,,United States,67,,y,,
Q188371,Great Irish Famine,1845,disaster & accident,disaster & accident,Europe,,,67,region_boxed,y,,
Q190517,Xinhai Revolution,1911,revolution & uprising,revolution & uprising,Asia,,China,67,,y,,
Q192408,Taiping Rebellion,1850,battle & war,battle & war;revolution & uprising,Asia,,People's Republic of China,67,,y,,
Q200485,Norman conquest of England,1066,battle & war,battle & war,Europe,,Kingdom of England,67,,y,,
Q211674,Sykes–Picot Agreement,1916,politics & diplomacy,politics & diplomacy,,,,67,region_missing,y,,
Q214028,July Revolution,1830,revolution & uprising,revolution & uprising,Europe,,Bourbon Restoration in France,67,,y,,
Q371394,Bangladesh Liberation War,1971,battle & war,battle & war,Asia,,Bangladesh,67,,y,,
Q381375,First Nagorno-Karabakh War,1988,battle & war,battle & war,,,,67,region_missing,y,,
Q418151,Second Opium War,1856,battle & war,battle & war,Asia,,British India,67,,y,,
Q477108,Constitution of India,1950,culture & religion,culture & religion;politics & diplomacy,Asia,,India,67,,y,,
Q748780,First Indochina War,1946,battle & war,battle & war,Asia,,French Indochina,67,,y,,
Q119860532,Wagner Group rebellion,2023,battle & war,battle & war;revolution & uprising;politics & diplomacy,Europe,,Russia,67,,y,,
Q10818,7 July 2005 London bombings,2005,attack & violence,attack & violence,Europe,,United Kingdom,66,,y,,
Q46959,Tunisian revolution,2010,revolution & uprising,revolution & uprising,,,,66,region_missing,y,,
Q152004,War of the Pacific,1879,battle & war,battle & war,South America,,Bolivia,66,,y,,
Q160387,Battle of Actium,-31,battle & war,battle & war,Europe,,,66,region_boxed,y,,
Q170531,Council of Chalcedon,451,culture & religion,culture & religion,Asia,,Turkey,66,,y,,
Q180897,Treaty of Tordesillas,1494,politics & diplomacy,politics & diplomacy,Europe,,Kingdom of Portugal,66,,y,,
Q187201,Second Council of Nicaea,787,culture & religion,culture & religion,,,,66,region_missing,y,,
Q193547,Reign of Terror,1793,politics & diplomacy,politics & diplomacy,Europe,,France,66,category_guess,y,,
Q201684,Wall Street crash of 1929,1929,society & economy,society & economy;disaster & accident,North America,,United States,66,,y,,
Q215112,Second Boer War,1899,battle & war,battle & war,,,,66,region_missing,y,,
Q49097,1948 Palestine war,1940,battle & war,battle & war,Asia,,Israel,65,,y,,
Q87779,Battle of the Teutoburg Forest,9,battle & war,battle & war,Europe,,Germany,65,,y,,
Q129029,Bhopal disaster,1984,disaster & accident,disaster & accident,Asia,,India,65,,y,,
Q131478,Der Spiegel,1947,culture & religion,culture & religion,Europe,,Germany,65,gap_review;entity_start,,,
Q151005,Battle of Leipzig,1813,battle & war,battle & war,Europe,,Germany,65,,y,,
Q151290,Battle of Moscow,1941,battle & war,battle & war,Europe,,Soviet Union,65,,y,,
Q152006,partitions of Poland,1772,politics & diplomacy,politics & diplomacy,,,,65,gap_review;region_missing,y,,
Q155311,Voyager program,1977,science & exploration,science & exploration,North America,,United States,65,,y,,
Q173457,Dreyfus affair,1894,politics & diplomacy,politics & diplomacy,Europe,,French Third Republic,65,,y,,
Q180182,Battle of Iwo Jima,1945,battle & war,battle & war,Asia,,Empire of Japan,65,,y,,
Q189508,Glorious Revolution,1688,revolution & uprising,revolution & uprising;politics & diplomacy,Europe,,Kingdom of England,65,,y,,
Q192050,assassination of Archduke Franz Ferdinand,1914,attack & violence,attack & violence;society & economy;politics & diplomacy,Europe,,Austria–Hungary,65,,y,,
Q193245,Carnation Revolution,1974,revolution & uprising,revolution & uprising;politics & diplomacy,Europe,,Portugal,65,,y,,
Q199955,Hundred Days,1815,battle & war,battle & war;politics & diplomacy,Europe,,First French Empire,65,,y,,
Q200855,Battle of Vienna,1683,battle & war,battle & war,Europe,,Austria,65,,y,,
Q214524,Gettysburg Address,1863,politics & diplomacy,politics & diplomacy,North America,,United States,65,,y,,
Q1402078,Warsaw Uprising,1944,revolution & uprising,revolution & uprising,Europe,,Poland,65,,y,,
Q5973845,National Geographic,1888,science & exploration,science & exploration,,,,65,region_missing,y,,
Q15136651,Typhoon Haiyan,2013,disaster & accident,disaster & accident,,,,65,region_missing,y,,
Q19671417,Germanwings Flight 9525,2015,attack & violence,attack & violence;disaster & accident;society & economy,Europe,,France,65,,y,,
Q64509602,2019–2020 Hong Kong protests,2019,society & economy,society & economy,Asia,,People's Republic of China,65,,y,,
Q137612545,2025–2026 Iranian protests,2020,revolution & uprising,revolution & uprising;society & economy,Asia,,Iran,65,,y,,
Q36749,Beer Hall Putsch,1923,politics & diplomacy,politics & diplomacy,Europe,,Weimar Republic,64,,y,,
Q46333,Long March,1934,politics & diplomacy,politics & diplomacy,Asia,,Republic of China,64,,y,,
Q68969,Croatian War of Independence,1991,battle & war,battle & war;politics & diplomacy,Europe,,Croatia,64,,y,,
Q120843,Second Chechen War,1999,battle & war,battle & war,Europe,,Russia,64,,y,,
Q131311,Smolensk air disaster,2010,disaster & accident,disaster & accident,Europe,,Russia,64,,y,,
Q151018,Battle of the Bulge,1944,battle & war,battle & war,Europe,,Belgium,64,,y,,
Q152195,Anti-Comintern Pact,1936,politics & diplomacy,politics & diplomacy,multi,,Empire of Japan,64,,y,,
Q152946,Volkswagen Beetle,1938,politics & diplomacy,politics & diplomacy,,,,64,gap_review;category_guess;region_missing,y,,
Q179670,Battle of Gaugamela,-331,battle & war,battle & war,Asia,,Achaemenid Empire,64,,y,,
Q182323,Ford Model T,1908,politics & diplomacy,politics & diplomacy,,,,64,gap_review;category_guess;region_missing,y,,
Q182817,Velvet Revolution,1989,revolution & uprising,revolution & uprising,Europe,,Czechoslovakia,64,,y,,
Q183421,My Lai Massacre,1968,attack & violence,attack & violence;battle & war;society & economy,Asia,,South Vietnam,64,,y,,
Q184320,Battle of Borodino,1812,battle & war,battle & war,Europe,,Russia,64,,y,,
Q191985,Orient Express,1883,politics & diplomacy,politics & diplomacy,Asia,,Turkey,64,category_guess,y,,
Q201358,The Flintstones,1960,culture & religion,culture & religion,,,,64,region_missing;entity_start,,,
Q208484,Lebanese Civil War,1975,battle & war,battle & war,Asia,,Lebanon,64,,y,,
Q242352,Yugoslav Wars,1991,battle & war,battle & war,,,,64,region_missing,y,,
Q488278,Battle of Uhud,625,battle & war,battle & war,Asia,,Saudi Arabia,64,,y,,
Q6286,First Punic War,-264,battle & war,battle & war,,,,63,gap_review;region_missing,y,,
Q48766,Babi Yar,1941,attack & violence,attack & violence,Europe,,Ukraine,63,,y,,
Q153867,Triple Alliance,1882,battle & war,battle & war,,,,63,region_missing,y,,
Q154674,Peace of Utrecht,1713,politics & diplomacy,politics & diplomacy,,,,63,region_missing,y,,
Q154764,Investiture controversy,1075,politics & diplomacy,politics & diplomacy,Europe,,Holy Roman Empire,63,gap_review;category_guess,y,,
Q164815,Woodstock Festival,1969,culture & religion,culture & religion,North America,,United States,63,,y,,
Q193484,assassination of John F. Kennedy,1963,attack & violence,attack & violence;politics & diplomacy,North America,,United States,63,gap_review,y,,
Q200032,Battle of Manzikert,1071,battle & war,battle & war,Asia,,Turkey,63,,y,,
Q202578,First Jewish-Roman War,66,revolution & uprising,revolution & uprising;battle & war,,,,63,region_missing,y,,
Q216047,Le Figaro,1826,culture & religion,culture & religion,Europe,,France,63,gap_review;entity_start,,,
Q223732,Declaration of the Establishment of the State of Israel,1948,politics & diplomacy,politics & diplomacy,Asia,,Palestine,63,,y,,
Q235753,Nikkō-shi,1889,politics & diplomacy,politics & diplomacy,Asia,,Japan,63,gap_review;category_guess,y,,
Q382861,Revolutions of 1989,1989,revolution & uprising,revolution & uprising,Europe,,Czechoslovak Socialist Republic,63,,y,,
Q8641370,Operation Overlord,1944,battle & war,battle & war,Europe,,Nazi Germany,63,,y,,
Q30015850,2017 Manchester Arena bombing,2017,attack & violence,attack & violence,Europe,,United Kingdom,63,,y,,
Q134880537,Air India Flight 171,2025,disaster & accident,disaster & accident,Asia,,India,63,,y,,
Q6539,Storming of the Bastille,1789,battle & war,battle & war,Europe,,France,62,,y,,
Q152486,Battle of Poltava,1709,battle & war,battle & war,Europe,,Ukraine,62,,y,,
Q158462,Lynyrd Skynyrd,1966,politics & diplomacy,politics & diplomacy,,,,62,gap_review;category_guess;region_missing,y,,
Q181013,Little Boy,1945,politics & diplomacy,politics & diplomacy,,,,62,category_guess;region_missing,y,,
Q184332,First Council of Ephesus,431,culture & religion,culture & religion,Europe,,,62,region_boxed,y,,
Q188495,Battle of Agincourt,1415,battle & war,battle & war,Europe,,France,62,,y,,
Q203824,Italo-Turkish War,1911,battle & war,battle & war,,,,62,region_missing,y,,
Q205073,Kellogg-Briand pact,1928,politics & diplomacy,politics & diplomacy,,,,62,region_missing,y,,
Q221382,1991 Soviet coup d'état attempt,1991,politics & diplomacy,politics & diplomacy;battle & war,Europe,,Soviet Union,62,,y,,
Q233568,Battle of Hattin,1187,battle & war,battle & war,Asia,,Kingdom of Jerusalem,62,,y,,
Q470596,Year of the Four Emperors,68,battle & war,battle & war,Europe,,,62,region_boxed,y,,
Q626058,Battle of Karbala,680,battle & war,battle & war,Asia,,Iraq,62,,y,,
Q815436,The Troubles,1960,battle & war,battle & war,Europe,,United Kingdom,62,gap_review,y,,
Q877399,North Atlantic Treaty,1949,politics & diplomacy,politics & diplomacy,,,,62,region_missing,y,,
Q11086137,Boston Marathon bombings,2013,attack & violence,attack & violence,North America,,United States,62,,y,,
Q63167656,2019 fire at Notre-Dame de Paris,2019,disaster & accident,disaster & accident,Europe,,France,62,,y,,
Q114565318,Eurovision Song Contest 2024,2024,culture & religion,culture & religion,Europe,,Sweden,62,serial_event,,,
Q26189,Western Schism,1378,culture & religion,culture & religion,,,,61,gap_review;region_missing,y,,
Q38166,modern art,1860,culture & religion,culture & religion,,,,61,gap_review;region_missing;entity_start,,,
Q153122,Tripartite Pact,1940,politics & diplomacy,politics & diplomacy,,,,61,region_missing,y,,
Q170682,Gaza War (2008–2009),2008,battle & war,battle & war,Asia,,Palestine,61,,y,,
Q191293,1556 Shaanxi earthquake,1556,disaster & accident,disaster & accident,Asia,,Ming dynasty,61,,y,,
Q193689,Easter Rising,1916,revolution & uprising,revolution & uprising,Europe,,Ireland,61,,y,,
Q194226,Battle of Yarmouk,636,battle & war,battle & war,Africa,,,61,region_boxed,y,,
Q208708,autogyro,1923,politics & diplomacy,politics & diplomacy,,,,61,category_guess;region_missing,y,,
Q221719,one-child policy,1979,politics & diplomacy,politics & diplomacy,Asia,,People's Republic of China,61,gap_review;category_guess,y,,
Q229007,Munich massacre,1972,attack & violence,attack & violence,Europe,,West Germany,61,,y,,
Q302045,Post-Soviet states,1992,politics & diplomacy,politics & diplomacy,multi,,Armenia,61,category_guess,y,,
Q689128,Haitian Revolution,1791,revolution & uprising,revolution & uprising,North America,,Saint-Domingue,61,,y,,
Q17013132,Oslo Accords,1993,politics & diplomacy,politics & diplomacy,,,,61,region_missing,y,,
Q17324420,2014 Gaza War,2014,battle & war,battle & war,,,,61,region_missing,y,,
M001,invention of the printing press,1440,science & exploration,science & exploration,Europe,,,60,manual,y,,
M002,first powered flight,1903,science & exploration,science & exploration,North America,,,60,manual,y,,
M003,invention of the telephone,1876,science & exploration,science & exploration,North America,,,60,manual,y,,
M004,invention of the practical light bulb,1879,science & exploration,science & exploration,North America,,,60,manual,y,,
M005,discovery of penicillin,1928,science & exploration,science & exploration,Europe,,,60,manual,y,,
M006,discovery of the structure of DNA,1953,science & exploration,science & exploration,Europe,,,60,manual,y,,
M007,publication of On the Origin of Species,1859,science & exploration,science & exploration,Europe,,,60,manual,y,,
M008,publication of Newton's Principia,1687,science & exploration,science & exploration,Europe,,,60,manual,y,,
M009,Galileo's first telescope observations,1610,science & exploration,science & exploration,Europe,,,60,manual,y,,
M010,Copernicus publishes the heliocentric model,1543,science & exploration,science & exploration,Europe,,,60,manual,y,,
M011,Einstein publishes general relativity,1915,science & exploration,science & exploration,Europe,,,60,manual,y,,
M012,first smallpox vaccination,1796,science & exploration,science & exploration,Europe,,,60,manual,y,,
M013,discovery of X-rays,1895,science & exploration,science & exploration,Europe,,,60,manual,y,,
M014,discovery of radium,1898,science & exploration,science & exploration,Europe,,,60,manual,y,,
M015,first human heart transplant,1967,science & exploration,science & exploration,Africa,,,60,manual,y,,
M016,invention of the World Wide Web,1989,science & exploration,science & exploration,Europe,,,60,manual,y,,
M017,Watt's improved steam engine,1769,science & exploration,science & exploration,Europe,,,60,manual,y,,
M018,first telegraph message,1844,science & exploration,science & exploration,North America,,,60,manual,y,,
M019,cloning of Dolly the sheep,1996,science & exploration,science & exploration,Europe,,,60,manual,y,,
M020,first test-tube baby born,1978,science & exploration,science & exploration,Europe,,,60,manual,y,,
M021,completion of the Human Genome Project,2003,science & exploration,science & exploration,,,,60,manual,y,,
M022,first voyage of Columbus,1492,science & exploration,science & exploration,,,,60,manual,y,,
M025,first ascent of Mount Everest,1953,science & exploration,science & exploration,Asia,,,60,manual,y,,
M026,Amundsen reaches the South Pole,1911,science & exploration,science & exploration,,,,60,manual,y,,
M027,discovery of Tutankhamun's tomb,1922,science & exploration,science & exploration,Africa,,,60,manual,y,,
M028,sealing of Magna Carta,1215,politics & diplomacy,politics & diplomacy,Europe,,,60,manual,y,,
M030,signing of the US Constitution,1787,politics & diplomacy,politics & diplomacy,North America,,,60,manual,y,,
M032,Universal Declaration of Human Rights adopted,1948,politics & diplomacy,politics & diplomacy,,,,60,manual,y,,
M033,abolition of slavery in the British Empire,1833,politics & diplomacy,politics & diplomacy,Europe,,,60,manual,y,,
M034,Code of Hammurabi proclaimed,-1754,politics & diplomacy,politics & diplomacy,Asia,,,60,manual,y,,
M035,Edict of Milan,313,politics & diplomacy,politics & diplomacy,Europe,,,60,manual,y,,
M036,crucifixion of Jesus,30,culture & religion,culture & religion,Asia,,,60,manual,y,,
M038,Luther posts the Ninety-five Theses,1517,culture & religion,culture & religion,Europe,,,60,manual,y,,
M039,completion of the Sistine Chapel ceiling,1512,culture & religion,culture & religion,Europe,,,60,manual,y,,
M040,premiere of Beethoven's Ninth Symphony,1824,culture & religion,culture & religion,Europe,,,60,manual,y,,
M041,first photograph,1826,science & exploration,science & exploration,Europe,,,60,manual,y,,
M042,first public film screening by the Lumière brothers,1895,culture & religion,culture & religion,Europe,,,60,manual,y,,
M043,first transatlantic radio transmission,1901,science & exploration,science & exploration,,,,60,manual,y,,
M044,completion of the Great Pyramid of Giza,-2560,culture & religion,culture & religion,Africa,,,60,manual,y,,
M045,opening of the Colosseum,80,culture & religion,culture & religion,Europe,,,60,manual,y,,
M046,completion of Hagia Sophia,537,culture & religion,culture & religion,Europe,,,60,manual,y,,
M048,opening of the Suez Canal,1869,society & economy,society & economy,Africa,,,60,manual,y,,
M049,completion of the Eiffel Tower,1889,society & economy,society & economy,Europe,,,60,manual,y,,
Q151349,Berlin Blockade,1948,politics & diplomacy,politics & diplomacy,Europe,,allied-occupied Germany,60,category_guess,,,
Q151423,congress of Berlin,1878,politics & diplomacy,politics & diplomacy,Europe,,German Reich,60,,,,
Q154001,Council of Constance,1414,culture & religion,culture & religion,Europe,,Germany,60,,,,
Q179826,First Council of Constantinople,381,culture & religion,culture & religion,,,,60,region_missing,,,
Q188163,Fat Man,1945,politics & diplomacy,politics & diplomacy,Asia,,,60,category_guess;region_boxed,,,
Q188596,Tsar Bomba,1961,politics & diplomacy,politics & diplomacy,Asia,,,60,category_guess;region_boxed,,,
Q193155,Louisiana Purchase,1803,politics & diplomacy,politics & diplomacy,North America,,United States,60,category_guess,,,
Q193515,Acts of Union 1707,1707,politics & diplomacy,politics & diplomacy,Europe,,Kingdom of England,60,,,,
Q202161,Gallic War,-58,battle & war,battle & war,,,,60,region_missing,,,
Q211855,Finnish Civil War,1918,battle & war,battle & war,Europe,,Finland,60,,,,
Q217450,Treaty of Paris (1783),1783,politics & diplomacy,politics & diplomacy,,,,60,region_missing,,,
Q233583,Indo-Pakistani War of 1965,1965,battle & war,battle & war,,,,60,region_missing,,,
Q316817,1973 oil crisis,1973,society & economy,society & economy;politics & diplomacy,,,,60,region_missing,,,
Q559920,World Oceans Day,2009,politics & diplomacy,politics & diplomacy,,,,60,gap_review;category_guess;region_missing,,,
Q865344,Genocide Convention,1948,politics & diplomacy,politics & diplomacy;attack & violence,,,,60,region_missing,,,
Q1413732,Kashmir conflict,1947,battle & war,battle & war,Asia,,India,60,,,,
Q15989108,Western African Ebola virus epidemic,2013,disaster & accident,disaster & accident,multi,,Guinea,60,,,,
Q27145747,"Catalan independence referendum, 2017",2017,politics & diplomacy,politics & diplomacy,Europe,,Spain,60,,,,
Q29957041,WannaCry ransomware attack,2008,politics & diplomacy,politics & diplomacy,,,,60,category_guess;region_missing,,,
Q105180889,2021 Myanmar coup d'état,2021,politics & diplomacy,politics & diplomacy,Asia,,Myanmar,60,,,,
Q48537,civil rights movement,1954,politics & diplomacy,politics & diplomacy,North America,,United States,59,category_guess,,,
Q127013,Final Solution,1941,attack & violence,attack & violence,,,,59,region_missing,,,
Q139808,Battle of the Maureaco Fields,451,battle & war,battle & war,Europe,,France,59,,,,
Q155723,NATO bombing of Yugoslavia,1999,battle & war,battle & war,,,,59,region_missing,,,
Q170306,German Revolution of 1918–1919,1918,revolution & uprising,revolution & uprising,Europe,,German Reich,59,,,,
Q174450,Roman Tetrarchy,284,politics & diplomacy,politics & diplomacy,,,,59,category_guess;region_missing,,,
Q190712,First Battle of the Marne,1914,battle & war,battle & war,Europe,,France,59,,,,
Q191055,1755 Lisbon earthquake,1755,disaster & accident,disaster & accident,Europe,,Portugal,59,,,,
Q194230,leap second,1972,politics & diplomacy,politics & diplomacy,,,,59,category_guess;region_missing,,,
Q202311,Roman Egypt,-30,politics & diplomacy,politics & diplomacy,multi,,Ancient Egypt,59,category_guess,,,
Q207066,McCarthyism,1950,politics & diplomacy,politics & diplomacy,North America,,United States,59,category_guess,,,
Q208855,Jallianwala Bagh massacre,1919,attack & violence,attack & violence;battle & war,Asia,,British Raj,59,,,,
Q214456,Philippine–American War,1899,battle & war,battle & war,,,,59,region_missing,,,
Q214996,Project Gemini,1961,science & exploration,science & exploration,North America,,United States,59,,,,
Q217398,Berne Convention for the Protection of Literary and Artistic Works,1886,politics & diplomacy,politics & diplomacy,Europe,,Switzerland,59,gap_review,,,
Q269655,Treaty of Shimonoseki,1895,politics & diplomacy,politics & diplomacy,,,,59,region_missing,,,
Q604897,Battle of Dien Bien Phu,1954,battle & war,battle & war,Asia,,Vietnam,59,,,,
Q2415901,allied-occupied Germany,1945,politics & diplomacy,politics & diplomacy,Europe,,,59,region_boxed,,,
Q24561572,Orlando nightclub shooting,2016,attack & violence,attack & violence,North America,,United States,59,,,,
Q119727363,Titan submersible implosion,2023,disaster & accident,disaster & accident,North America,,Canada,59,,,,
Q122351413,2023 Marrakesh-Safi earthquake,2023,disaster & accident,disaster & accident,Africa,,Morocco,59,,,,
Q33132,Battle of Gettysburg,1863,battle & war,battle & war,North America,,United States,58,,,,
Q33933,Entebbe raid,1976,battle & war,battle & war,Africa,,,58,region_boxed,,,
Q45745,New Economic Policy,1921,politics & diplomacy,politics & diplomacy,Europe,,Soviet Union,58,category_guess,,,
Q58947,Paraguayan War,1864,battle & war,battle & war,,,,58,region_missing,,,
Q157146,French Resistance,1940,politics & diplomacy,politics & diplomacy,Europe,,France,58,category_guess,,,
Q161859,Pact of Steel,1939,battle & war,battle & war;politics & diplomacy,,,,58,region_missing,,,
Q184172,French franc,1795,society & economy,society & economy,Europe,,Andorra,58,gap_review,,,
Q185203,transit of Venus,1631,science & exploration,science & exploration,,,,58,region_missing,,,
Q185380,Air France Flight 447,2009,disaster & accident,disaster & accident,,,,58,region_missing,,,
Q190315,Dayton Agreement,1995,culture & religion,culture & religion;politics & diplomacy,North America,,,58,region_boxed,,,
Q192660,Battle of Okinawa,1945,battle & war,battle & war,Asia,,Empire of Japan,58,,,,
Q207318,French Revolutionary Wars,1792,battle & war,battle & war;revolution & uprising,,,,58,region_missing,,,
Q208300,Kronstadt rebellion,1921,revolution & uprising,revolution & uprising,Europe,,Russia,58,,,,
Q208526,New Taiwan dollar,1949,society & economy,society & economy,Asia,,Taiwan,58,gap_review,,,
Q215231,Great Fire of Rome,64,disaster & accident,disaster & accident,Europe,,Ancient Rome,58,,,,
Q246863,Livonian War,1558,battle & war,battle & war,,,,58,region_missing,,,
Q309029,Alaska Purchase,1867,politics & diplomacy,politics & diplomacy,North America,,,58,region_boxed,,,
Q473716,Hungarian Revolution of 1848,1848,battle & war,battle & war;revolution & uprising,Europe,,Hungary,58,,,,
Q838958,Rome Statute of the International Criminal Court,1998,politics & diplomacy,politics & diplomacy,Europe,,Italy,58,,,,
Q122976243,October 7 attacks,2023,attack & violence,attack & violence;battle & war,Asia,,Israel,58,,,,
Q130752136,Novi Sad railway station canopy collapse,2024,disaster & accident,disaster & accident,Europe,,Serbia,58,,,,
Q8105,1906 Intercalated Games,1906,culture & religion,culture & religion,Europe,,Kingdom of Greece,57,serial_event,,,
Q51657,Albigensian Crusade,1209,battle & war,battle & war;culture & religion,Europe,,France,57,,,,
Q51661,Seventh Crusade,1248,battle & war,battle & war;culture & religion,Africa,,Egypt,57,,,,
Q76421,26/11 Mumbai attacks,2008,attack & violence,attack & violence,Asia,,India,57,,,,
Q94916,Second Italo-Ethiopian War,1935,battle & war,battle & war,,,,57,region_missing,,,
Q105570,20 July plot,1944,society & economy,society & economy;politics & diplomacy,Europe,,Poland,57,,,,
Q154510,Great Recession,2000,society & economy,society & economy,,,,57,region_missing,,,
Q154607,Warsaw Ghetto,1940,politics & diplomacy,politics & diplomacy,Europe,,General Government,57,category_guess,,,
Q156554,Battle of Jutland,1916,battle & war,battle & war,Europe,,,57,region_boxed,,,
Q157648,Fourteen Points,1918,politics & diplomacy,politics & diplomacy,,,,57,region_missing,,,
Q182776,Jyllands-Posten Muhammad cartoons controversy,2005,politics & diplomacy,politics & diplomacy;culture & religion,,,,57,region_missing,,,
Q190758,War in Darfur,2003,battle & war,battle & war,Africa,,Republic of Sudan,57,,,,
Q194082,Apollo 1,1967,disaster & accident,disaster & accident;science & exploration,North America,,United States,57,,,,
Q203233,Battle of Plassey,1757,battle & war,battle & war,Asia,,India,57,,,,
Q208645,United Nations Framework Convention on Climate Change,1992,politics & diplomacy,politics & diplomacy,,,,57,region_missing,,,
Q217197,European sovereign-debt crisis,2010,politics & diplomacy,politics & diplomacy,,,,57,region_missing,,,
Q608613,fall of the western Roman Empire,476,politics & diplomacy,politics & diplomacy,Europe,,Western Roman Empire,57,,,,
Q906933,Sandy Hook Elementary School shooting,2012,attack & violence,attack & violence;society & economy,North America,,United States,57,,,,
Q4390259,breakup of Yugoslavia,1991,politics & diplomacy,politics & diplomacy,,,,57,region_missing,,,
Q21282782,Metrojet Flight 9268,2015,attack & violence,attack & violence;disaster & accident,Africa,,Egypt,57,,,,
Q112967003,assassination of Shinzō Abe,2022,attack & violence,attack & violence;politics & diplomacy,Asia,,Japan,57,,,,
Q1077,Star Trek: The Original Series,1966,culture & religion,culture & religion,,,,56,region_missing;entity_start,,,
Q45810,Gunpowder Plot,1605,society & economy,society & economy;politics & diplomacy,Europe,,Kingdom of England,56,,,,
Q51659,Fifth Crusade,1213,battle & war,battle & war;culture & religion,,,,56,region_missing,,,
Q151060,Civil Code of the French,1804,politics & diplomacy,politics & diplomacy,,,,56,category_guess;region_missing,,,
Q151835,2010 Chile earthquake,2010,disaster & accident,disaster & accident,South America,,Chile,56,,,,
Q153992,Reichstag fire,1933,disaster & accident,disaster & accident,Europe,,Weimar Republic,56,,,,
Q154697,French and Indian War,1754,battle & war,battle & war,,,,56,region_missing,,,
Q160161,Warsaw Ghetto Uprising,1943,revolution & uprising,revolution & uprising,Europe,,Poland,56,,,,
Q185642,Bloody Sunday,1905,attack & violence,attack & violence;society & economy,North America,,Russian Empire,56,,,,
Q187719,Corpus Juris Civilis,528,politics & diplomacy,politics & diplomacy,Europe,,Byzantine Empire,56,category_guess,,,
Q188559,Foreign Legion,1831,battle & war,battle & war,Europe,,France,56,,,,
Q194113,Treaty of San Stefano,1878,politics & diplomacy,politics & diplomacy,,,,56,region_missing,,,
Q200056,Battle of Zama,-202,battle & war,battle & war,Africa,,Ancient Carthage,56,,,,
Q208297,Irish War of Independence,1919,battle & war,battle & war;politics & diplomacy,,,,56,region_missing,,,
Q208694,Sino-Indian War,1962,battle & war,battle & war,Asia,,India,56,gap_review,,,
Q217305,The New Yorker,1925,culture & religion,culture & religion,North America,,United States,56,entity_start,,,
Q239060,Arab Revolt,1916,revolution & uprising,revolution & uprising,multi,,Ottoman Empire,56,,,,
Q369560,Siege of Baghdad,1258,battle & war,battle & war,Asia,,Abbasid Caliphate,56,,,,
Q389646,Baltic Way,1989,society & economy,society & economy,Europe,,Soviet Union,56,,,,
Q473845,Columbine High School massacre,1999,attack & violence,attack & violence;society & economy,North America,,United States,56,,,,
Q547896,Chemical Weapons Convention,1993,politics & diplomacy,politics & diplomacy,,,,56,region_missing,,,
Q673175,French Wars of Religion,1562,battle & war,battle & war;culture & religion,,,,56,gap_review;region_missing,,,
Q865365,Jim Crow laws,1870,politics & diplomacy,politics & diplomacy,North America,,United States,56,gap_review;category_guess,,,
Q911972,Dunkirk evacuation,1940,battle & war,battle & war,Europe,,France,56,,,,
Q18683047,AirAsia Flight 8501,2014,disaster & accident,disaster & accident,Asia,,Indonesia,56,,,,
Q63245644,2019 Sri Lanka bombings,2019,attack & violence,attack & violence,Asia,,Sri Lanka,56,,,,
Q264,Hurricane Sandy,2012,disaster & accident,disaster & accident,North America,,Bermuda,55,,,,
Q52162,Project Mercury,1958,science & exploration,science & exploration,North America,,United States,55,,,,
Q80880,1997 Asian financial crisis,1997,society & economy,society & economy;politics & diplomacy,,,,55,region_missing,,,
Q87138,Greco-Turkish War,1919,battle & war,battle & war,,,,55,region_missing,,,
Q152033,2008 Sichuan earthquake,2008,disaster & accident,disaster & accident,Asia,,People's Republic of China,55,,,,
Q152989,Western Front,1914,battle & war,battle & war,Europe,,Belgium,55,,,,
Q187425,RMS Lusitania,1904,politics & diplomacy,politics & diplomacy,Europe,,,55,category_guess;region_boxed,,,
Q191721,Bay of Pigs invasion,1961,battle & war,battle & war,North America,,Cuba,55,,,,
Q192372,Luna programme,1958,politics & diplomacy,politics & diplomacy,Europe,,Russia,55,gap_review;category_guess,,,
Q192924,Treaty of Saint-Germain-en-Laye,1919,politics & diplomacy,politics & diplomacy,,,,55,region_missing,,,
Q194284,General Agreement on Tariffs and Trade,1947,politics & diplomacy,politics & diplomacy,,,,55,gap_review;region_missing,,,
Q203225,Battle of Stamford Bridge,1066,battle & war,battle & war,Europe,,Kingdom of England,55,,,,
Q207327,Sicilian Vespers,1282,revolution & uprising,revolution & uprising,Europe,,France,55,,,,
Q213394,Sri Lankan civil war,1983,battle & war,battle & war,Asia,,Sri Lanka,55,,,,
Q218446,Khojaly Massacre,1992,attack & violence,attack & violence,Asia,,Azerbaijan,55,,,,
Q223933,Belgian Revolution,1830,revolution & uprising,revolution & uprising,Europe,,United Kingdom of the Netherlands,55,,,,
Q230186,Pan American Games,1951,politics & diplomacy,politics & diplomacy,,,,55,category_guess;region_missing,,,
Q242099,Mukden incident,1931,battle & war,battle & war,Asia,,Republic of China,55,,,,
Q622774,French Revolution of 1848,1848,revolution & uprising,revolution & uprising,Europe,,France,55,,,,
Q748042,Irish Civil War,1922,battle & war,battle & war,Europe,,Ireland,55,,,,
Q55620455,2022 FIFA World Cup Final,2022,culture & religion,culture & religion,Asia,,Qatar,55,serial_event,,,
Q8628,War in the Vendée,1793,attack & violence,attack & violence;battle & war;revolution & uprising,Europe,,French First Republic,54,,,,
Q49103,1982 Lebanon War,1982,battle & war,battle & war,,,,54,region_missing,,,
Q54340,People's Daily,1948,culture & religion,culture & religion,Asia,,People's Republic of China,54,gap_review;entity_start,,,
Q58732,Siege of Malta,1565,battle & war,battle & war,Europe,,Hospitaller Malta,54,,,,
Q74623,Great Turkish War,1683,battle & war,battle & war,,,,54,gap_review;region_missing,,,
Q112183,Treaty of Amiens,1802,politics & diplomacy,politics & diplomacy,Europe,,France,54,,,,
Q151052,Operation Bagration,1944,battle & war,battle & war,,,,54,region_missing,,,
Q152120,Wannsee Conference,1942,politics & diplomacy,politics & diplomacy,Europe,,Germany,54,,,,
Q152218,Nine Years' War,1688,battle & war,battle & war,,,,54,region_missing,,,
Q170422,2010 Summer Youth Olympics,2010,culture & religion,culture & religion,Asia,,Singapore,54,serial_event,,,
Q182798,2012 Summer Paralympics,2012,culture & religion,culture & religion,Europe,,United Kingdom,54,serial_event,,,
Q182803,Zimbabwean dollar,1980,society & economy,society & economy,Africa,,Zimbabwe,54,gap_review,,,
Q188972,Greek Civil War,1946,battle & war,battle & war,Europe,,Greece,54,,,,
Q189066,Treaty establishing a Constitution for Europe,2004,politics & diplomacy,politics & diplomacy,,,,54,region_missing,,,
Q190857,First Vatican Council,1869,culture & religion,culture & religion,,,,54,region_missing,,,
Q193733,Beslan school siege,2004,attack & violence,attack & violence;battle & war,Europe,,Russia,54,,,,
Q207342,Trinity,1945,science & exploration,science & exploration,North America,,United States,54,,,,
Q208037,Third Council of Constantinople,680,culture & religion,culture & religion,Asia,,Turkey,54,,,,
Q209387,Battle of Ankara,1402,battle & war,battle & war,Asia,,Turkey,54,,,,
Q212983,Jacobitism,1688,politics & diplomacy,politics & diplomacy,Europe,,Kingdom of Great Britain,54,gap_review,,,
Q217981,Allied invasion of Sicily,1943,battle & war,battle & war,Europe,,Italy,54,,,,
Q243684,Eighth Crusade,1270,battle & war,battle & war;culture & religion,Africa,,Tunisia,54,,,,
Q392541,Treaty of San Francisco,1951,politics & diplomacy,politics & diplomacy,North America,,United States,54,,,,
Q1401416,computer animation,1962,science & exploration,science & exploration,,,,54,gap_review;region_missing,,,
Q1697391,Convention on preventing and combating violence against women and domestic violence,2011,culture & religion,culture & religion;politics & diplomacy,Asia,,Turkey,54,,,,
Q2305266,Soviet invasion of Poland,1939,battle & war,battle & war,Europe,,,54,region_boxed,,,
Q6540361,surrender of Japan,1945,battle & war,battle & war,Asia,,Empire of Japan,54,,,,
Q13419956,86th Academy Awards,2014,culture & religion,culture & religion,North America,,United States,54,serial_event,,,
Q28036573,2016 Berlin attack,2016,attack & violence,attack & violence,Europe,,Germany,54,,,,
Q83873577,COVID-19 pandemic in the United States,2020,disaster & accident,disaster & accident;politics & diplomacy,North America,,United States,54,,,,
Q51660,Sixth Crusade,1220,battle & war,battle & war;culture & religion,,,,53,region_missing,,,
Q154577,Peace of Augsburg,1555,politics & diplomacy,politics & diplomacy,Europe,,Holy Roman Empire,53,,,,
Q154940,Lapland War,1944,battle & war,battle & war,Europe,,Finland,53,,,,
Q157627,Battle of the Atlantic,1939,battle & war,battle & war,,,,53,region_missing,,,
Q163730,Christmas truce,1914,politics & diplomacy,politics & diplomacy,,,,53,region_missing,,,
Q163883,Ten-Day War,1991,battle & war,battle & war,,,,53,region_missing,,,
Q170413,Sputnik programme,1957,science & exploration,science & exploration,Europe,,Soviet Union,53,,,,
Q208127,Battle of Tsushima,1905,battle & war,battle & war,Asia,,,53,region_boxed,,,
Q212618,1960 Valdivia earthquake,1960,disaster & accident,disaster & accident,South America,,Chile,53,,,,
Q219447,Bill of Rights 1689,1689,politics & diplomacy,politics & diplomacy,Europe,,United Kingdom,53,,,,
Q238262,Treaty of Nanjing,1842,politics & diplomacy,politics & diplomacy,Asia,,Chinese Empire,53,,,,
Q243620,Somali Civil War,1991,battle & war,battle & war,Africa,,Somalia,53,,,,
Q329838,Crisis of the Third Century,235,politics & diplomacy,politics & diplomacy,Europe,,Ancient Rome,53,,,,
Q391358,Emancipation Proclamation,1862,politics & diplomacy,politics & diplomacy,,,,53,region_missing,,,
Q404517,Kargil War,1999,battle & war,battle & war,Asia,,India,53,,,,
Q478301,Hussite Wars,1419,battle & war,battle & war;culture & religion,,,,53,gap_review;region_missing,,,
Q548067,Treaty of Portsmouth,1905,politics & diplomacy,politics & diplomacy,North America,,United States,53,,,,
Q719524,Our Lady of Fátima,1917,politics & diplomacy,politics & diplomacy,Europe,,Portugal,53,category_guess,,,
Q852236,Sayfo,1914,attack & violence,attack & violence,Europe,,Ottoman Empire,53,,,,
Q1047607,Spanish colonization of the Americas,1493,politics & diplomacy,politics & diplomacy,,,,53,gap_review;category_guess;region_missing,,,
Q62609017,Reiwa era,2019,politics & diplomacy,politics & diplomacy,Asia,,Japan,53,category_guess,,,
Q114065797,Mahsa Amini protests,2022,revolution & uprising,revolution & uprising;society & economy,Asia,,Iran,53,,,,
Q140352499,2026 Venezuela earthquakes,2026,disaster & accident,disaster & accident,South America,,Venezuela,53,,,,
Q443,Ich bin ein Berliner,1963,politics & diplomacy,politics & diplomacy,Europe,,Germany,52,,,,
Q11117,Eurovision Song Contest 1999,1999,culture & religion,culture & religion,Asia,,Israel,52,serial_event,,,
Q14665,Emu War,1932,battle & war,battle & war,Oceania,,Australia,52,,,,
Q17550,California Gold Rush,1848,politics & diplomacy,politics & diplomacy,North America,,United States,52,category_guess,,,
Q68750,Mexican War of Independence,1800,battle & war,battle & war;politics & diplomacy,,,,52,gap_review;region_missing,,,
Q69934,2010 Formula One World Championship,2010,culture & religion,culture & religion,,,,52,region_missing;entity_start;serial_event,,,
Q117571,Porajmos,1935,attack & violence,attack & violence,Europe,,Nazi Germany,52,,,,
Q150939,Operation Weserübung,1940,battle & war,battle & war,Europe,,Denmark,52,,,,
Q152314,Cyclone Nargis,2008,disaster & accident,disaster & accident,,,,52,region_missing,,,
Q154573,WWI Eastern Front,1914,battle & war,battle & war,,,,52,region_missing,,,
Q160211,Schuman Declaration,1950,politics & diplomacy,politics & diplomacy,,,,52,region_missing,,,
Q180654,Occupy Wall Street,2011,battle & war,battle & war;society & economy,North America,,United States,52,,,,
Q192303,treaty of Karlowitz,1699,politics & diplomacy,politics & diplomacy,Europe,,,52,region_boxed,,,
Q201692,Battle of Poitiers,1356,battle & war,battle & war,Europe,,France,52,,,,
Q206414,Principate,-27,politics & diplomacy,politics & diplomacy,Europe,,Roman Empire,52,gap_review;category_guess,,,
Q208958,Good Friday Agreement,1998,politics & diplomacy,politics & diplomacy,Europe,,United Kingdom,52,,,,
Q210137,2005 Kashmir earthquake,2005,disaster & accident,disaster & accident,Asia,,Afghanistan,52,,,,
Q210354,Battle of Kulikovo,1380,battle & war,battle & war,Europe,,Grand Principality of Moscow,52,,,,
Q219470,Rose Revolution,2003,revolution & uprising,revolution & uprising,Europe,,Georgia,52,,,,
Q219698,Salem Witch Trials,1692,politics & diplomacy,politics & diplomacy,Europe,,Kingdom of England,52,category_guess,,,
Q235344,Battle of the Alamo,1836,battle & war,battle & war,North America,,United States,52,,,,
Q253224,Armistice of Compiègne,1918,politics & diplomacy,politics & diplomacy,Europe,,France,52,,,,
Q329203,First Boer War,1880,battle & war,battle & war,,,,52,region_missing,,,
Q462195,1976 Tangshan earthquake,1976,disaster & accident,disaster & accident,Asia,,People's Republic of China,52,,,,
Q638530,Texas Revolution,1835,battle & war,battle & war;revolution & uprising,North America,,,52,region_boxed,,,
Q683551,Sixteen Kingdoms,304,politics & diplomacy,politics & diplomacy,,,,52,gap_review;category_guess;region_missing,,,
Q829875,Nigerian Civil War,1967,battle & war,battle & war,Africa,,Nigeria,52,,,,
Q858145,Space Shuttle Challenger disaster,1986,disaster & accident,disaster & accident;science & exploration,North America,,United States,52,,,,
Q1000658,Budapest Memorandum,1994,politics & diplomacy,politics & diplomacy;battle & war,Europe,,Hungary,52,,,,
Q1404472,Italian Renaissance,1350,culture & religion,culture & religion,Europe,,Italy,52,gap_review;entity_start,,,
Q28094271,2017 Istanbul nightclub attack,2017,attack & violence,attack & violence,Asia,,Turkey,52,,,,
Q31043671,2018 FIFA World Cup Final,2018,culture & religion,culture & religion,Europe,,Russia,52,serial_event,,,
Q110413718,2022 Kazakh unrest,2022,society & economy,society & economy,Asia,,Kazakhstan,52,,,,
Q113846055,death of Elizabeth II,2022,society & economy,society & economy,Europe,,United Kingdom,52,,,,
Q27759,Battle of Crécy,1346,battle & war,battle & war,Europe,,France,51,,,,
Q39379,Scientific American,1845,science & exploration,science & exploration,,,,51,region_missing,,,
Q49105,First Intifada,1987,politics & diplomacy,politics & diplomacy,Asia,,Israel,51,category_guess,,,
Q58884,Melodifestivalen,1958,culture & religion,culture & religion,,,,51,region_missing;entity_start,,,
Q138107,War of the Sixth Coalition,1813,battle & war,battle & war,,,,51,region_missing,,,
Q153858,Battle of Tannenberg,1914,battle & war,battle & war,Europe,,Poland,51,,,,
Q190819,Bloody Sunday,1972,attack & violence,attack & violence,Europe,,United Kingdom,51,,,,
Q192473,Battle of Adrianople,378,battle & war,battle & war,multi,,Ancient Rome,51,,,,
Q194132,Operation Torch,1942,battle & war,battle & war,Africa,,,51,region_boxed,,,
Q200716,Battle of Chaeronea,-338,battle & war,battle & war,Europe,,Greece,51,,,,
Q202894,Mariner program,1962,science & exploration,science & exploration,,,,51,region_missing,,,
Q204213,Romanian Revolution (1989),1989,revolution & uprising,revolution & uprising,Europe,,Romania,51,,,,
Q206752,Treaty of Campo Formio,1797,politics & diplomacy,politics & diplomacy,,,,51,region_missing,,,
Q208191,Asian–African Conference,1955,politics & diplomacy,politics & diplomacy,Asia,,Indonesia,51,,,,
Q208529,Battle of Dunkirk,1940,battle & war,battle & war,Europe,,France,51,,,,
Q211386,1906 San Francisco earthquake,1906,disaster & accident,disaster & accident,North America,,United States,51,,,,
Q214148,Haymarket affair,1886,revolution & uprising,revolution & uprising,North America,,United States,51,,,,
Q216184,Western Front,1939,battle & war,battle & war,,,,51,region_missing,,,
Q222520,Battle of Bannockburn,1314,battle & war,battle & war,Europe,,Kingdom of Scotland,51,,,,
Q223288,Tenerife airport disaster,1977,disaster & accident,disaster & accident,Europe,,Spain,51,,,,
Q249232,War of the Third Coalition,1805,battle & war,battle & war,,,,51,region_missing,,,
Q274498,1923 Great Kantō Earthquake,1923,disaster & accident,disaster & accident,Asia,,Japan,51,,,,
Q309184,Boshin War,1868,battle & war,battle & war,Asia,,Government of Meiji Japan,51,,,,
Q318161,Helsinki Accords,1975,politics & diplomacy,politics & diplomacy,,,,51,region_missing,,,
Q473670,January Uprising,1863,revolution & uprising,revolution & uprising,,,,51,region_missing,,,
Q475678,Mexican drug war,2006,battle & war,battle & war,North America,,Mexico,51,,,,
Q593774,1953 Iranian coup d'état,1953,politics & diplomacy,politics & diplomacy,Asia,,Iran,51,,,,
Q734004,Black January,1990,attack & violence,attack & violence;battle & war,Asia,,Azerbaijan,51,,,,
Q824165,Treaty of London,1915,politics & diplomacy,politics & diplomacy,Europe,,United Kingdom,51,,,,
Q856670,1973 Chilean coup d'état,1973,politics & diplomacy,politics & diplomacy,South America,,Chile,51,,,,
Q963303,Union of Lublin,1569,politics & diplomacy,politics & diplomacy,,,,51,region_missing,,,
Q1139536,Republic Day,1950,culture & religion,culture & religion,Asia,,India,51,,,,
Q1922071,Indo-Pakistani War of 1971,1971,battle & war,battle & war,,,,51,region_missing,,,
Q41522095,2017 Las Vegas shooting,2017,attack & violence,attack & violence,North America,,United States,51,,,,
Q108102583,Fall of Kabul,2021,battle & war,battle & war,Asia,,Afghanistan,51,,,,
Q131581945,Jeju Air Flight 2216,2024,disaster & accident,disaster & accident,Asia,,South Korea,51,,,,
Q4373,Battle of White Mountain,1620,battle & war,battle & war,Europe,,Czech Republic,50,,,,
Q75756,Second Congo War,1998,battle & war,battle & war,Africa,,Democratic Republic of the Congo,50,,,,
Q108413,Wounded Knee Massacre,1890,attack & violence,attack & violence,North America,,United States,50,,,,
Q122100,Continuation War,1941,battle & war,battle & war,,,,50,region_missing,,,
Q131386,Battle of Alesia,-52,battle & war,battle & war,Europe,,France,50,,,,
Q139274,2012 phenomenon,2012,science & exploration,science & exploration,,,,50,region_missing,,,
Q154483,Augsburg Confession,1530,culture & religion,culture & religion,,,,50,region_missing,,,
Q154596,Treaties of Tilsit,1807,politics & diplomacy,politics & diplomacy,Europe,,,50,region_boxed,,,
Q154981,Second Schleswig War,1864,battle & war,battle & war,Europe,,Denmark,50,,,,
Q205227,Second Council of Constantinople,553,culture & religion,culture & religion,Asia,,Turkey,50,,,,
Q208156,Mongol invasions of Japan,1274,battle & war,battle & war,Asia,,Japan,50,,,,
Q217528,Oklahoma City bombing,1995,attack & violence,attack & violence,North America,,United States,50,,,,
Q219230,Marco Polo Bridge incident,1937,battle & war,battle & war,Asia,,People's Republic of China,50,,,,
Q223085,Hundred Hour War,1969,battle & war,battle & war,,,,50,region_missing,,,
Q223126,Chaco War,1932,battle & war,battle & war,South America,,Bolivia,50,,,,
Q244356,Battle of Ain Jalut,1260,battle & war,battle & war,Africa,,,50,region_boxed,,,
Q256608,Outer Space Treaty,1967,politics & diplomacy,politics & diplomacy;science & exploration,,,,50,region_missing,,,
Q273348,Italian Wars,1494,battle & war,battle & war,,,,50,gap_review;region_missing,,,
Q309204,Camp David Accords,1978,politics & diplomacy,politics & diplomacy,,,,50,region_missing,,,
Q316743,Ninth Crusade,1271,battle & war,battle & war;culture & religion,,,,50,region_missing,,,
Q319260,Treaty of Paris,1856,politics & diplomacy,politics & diplomacy,,,,50,region_missing,,,
Q328499,Armistice of Mudros,1918,politics & diplomacy,politics & diplomacy,Europe,,Greece,50,,,,
Q422082,Philippine Revolution,1896,battle & war,battle & war;revolution & uprising,Asia,,Philippines,50,,,,
Q604428,OSIRIS-REx,2016,science & exploration,science & exploration,,,,50,region_missing,,,
Q620965,coup of 18 Brumaire,1799,politics & diplomacy,politics & diplomacy,Europe,,French First Republic,50,,,,
Q623171,Sino-Vietnamese War,1979,battle & war,battle & war,,,,50,region_missing,,,
Q652285,Indo-Pakistani War of 1947–1948,1947,battle & war,battle & war,Asia,,,50,region_boxed,,,
Q696251,Occupation of Japan,1945,battle & war,battle & war;politics & diplomacy,Asia,,Japan,50,,,,
Q713540,comfort woman,1930,battle & war,battle & war,Asia,,Empire of Japan,50,gap_review,,,
Q817281,combined oral contraceptive pill,1961,politics & diplomacy,politics & diplomacy,,,,50,category_guess;region_missing,,,
Q989092,First Anglo-Afghan War,1839,battle & war,battle & war,Asia,,British India,50,,,,
Q2885072,Cambodian genocide,1970,attack & violence,attack & violence,Asia,,Cambodia,50,,,,
Q25007917,2016 Istanbul airport attack,2016,attack & violence,attack & violence,Asia,,Turkey,50,,,,
Q29113584,2017 Saint Petersburg Metro attack,2017,attack & violence,attack & violence,Europe,,Russia,50,,,,
Q37001445,2017 Catalonia attacks,2017,attack & violence,attack & violence,Europe,,Spain,50,,,,
Q78851988,2024 United Kingdom general election,2024,politics & diplomacy,politics & diplomacy,Europe,,United Kingdom,50,serial_event,,,
Q108761711,2025 German federal election,2025,politics & diplomacy,politics & diplomacy,Europe,,Germany,50,serial_event,,,
Q111017791,Siege of Mariupol,2022,battle & war,battle & war,Europe,,Ukraine,50,,,,
Q112123052,Robb Elementary School shooting,2022,attack & violence,attack & violence;society & economy,North America,,United States,50,,,,
Q118979177,2023 Odisha train collision,2023,disaster & accident,disaster & accident,Asia,,India,50,,,,
Q49092,1948 Arab–Israeli War,1940,battle & war,battle & war,Asia,,Palestine,49,,,,
Q107802,2003 invasion of Iraq,2003,battle & war,battle & war,,,,49,region_missing,,,
Q109886,1st Academy Awards,1929,culture & religion,culture & religion,North America,,United States,49,serial_event,,,
Q152142,Bombing of Dresden,1945,battle & war,battle & war,Europe,,German Reich,49,,,,
Q153286,Treaty of Nystad,1721,politics & diplomacy,politics & diplomacy,Europe,,Sweden,49,,,,
Q154031,German Peasants' War,1524,revolution & uprising,revolution & uprising;battle & war,,,,49,region_missing,,,
Q154426,Battle of Jena–Auerstedt,1806,battle & war,battle & war,Europe,,Germany,49,,,,
Q156681,Battle of Sedan,1870,battle & war,battle & war,Europe,,France,49,,,,
Q162665,Nika Riots,532,revolution & uprising,revolution & uprising;society & economy,multi,,Byzantine Empire,49,,,,
Q171503,nakfa,1997,society & economy,society & economy,Africa,,Eritrea,49,,,,
Q187742,Guelphs and Ghibellines,1120,politics & diplomacy,politics & diplomacy,,,,49,gap_review;region_missing,,,
Q189930,Operation Market Garden,1944,battle & war,battle & war,Europe,,Netherlands,49,,,,
Q193740,Live Aid,1985,culture & religion,culture & religion,multi,,United Kingdom,49,,,,
Q205422,Battle of the Little Bighorn,1876,battle & war,battle & war,North America,,United States,49,,,,
Q207165,Battle of the Coral Sea,1942,battle & war,battle & war,Oceania,,,49,region_boxed,,,
Q207541,Eurovision Song Contest 1974,1974,culture & religion,culture & religion,Europe,,,49,region_boxed;serial_event,,,
Q207815,Eurovision Song Contest 1996,1996,culture & religion,culture & religion,Europe,,Norway,49,serial_event,,,
Q213531,2004 Madrid train bombings,2004,attack & violence,attack & violence,Europe,,Spain,49,,,,
Q251039,US Airways Flight 1549,2009,disaster & accident,disaster & accident;science & exploration,North America,,United States,49,,,,
Q258081,Continental System,1806,politics & diplomacy,politics & diplomacy,,,,49,category_guess;region_missing,,,
Q273095,Great Exhibition,1851,culture & religion,culture & religion,Europe,,United Kingdom,49,,,,
Q304290,Rugrats,1991,culture & religion,culture & religion,,,,49,region_missing;entity_start,,,
Q335288,Battle of Monte Cassino,1944,battle & war,battle & war,Europe,,Italy,49,,,,
Q456993,Siege of Jerusalem,1099,battle & war,battle & war,Africa,,,49,region_boxed,,,
Q458646,76th Academy Awards,2004,culture & religion,culture & religion,North America,,United States,49,serial_event,,,
Q462964,November Uprising,1830,battle & war,battle & war;revolution & uprising,,,,49,region_missing,,,
Q464399,Entente Cordiale,1904,politics & diplomacy,politics & diplomacy,,,,49,region_missing,,,
Q477973,Gothic War of 535–554,535,battle & war,battle & war,,,,49,region_missing,,,
Q570204,Battle of the Kalka River,1223,battle & war,battle & war,Europe,,Russia,49,,,,
Q926447,Treaty of Gulistan,1813,politics & diplomacy,politics & diplomacy,,,,49,region_missing,,,
Q1050999,Turkish invasion of Cyprus,1974,battle & war,battle & war,,,,49,region_missing,,,
Q1059215,dissolution of Czechoslovakia,1992,politics & diplomacy,politics & diplomacy,,,,49,region_missing,,,
Q1775286,deportation of the Crimean Tatars,1944,attack & violence,attack & violence;society & economy,Europe,,Soviet Union,49,,,,
Q1780431,1952 Egyptian revolution,1952,revolution & uprising,revolution & uprising,Africa,,Kingdom of Egypt,49,,,,
Q12055176,Angolan Civil War,1975,battle & war,battle & war,,,,49,gap_review;region_missing,,,
Q16954835,Nagorno-Karabakh conflict,1988,battle & war,battle & war,Asia,,,49,region_boxed,,,
Q30173038,2019 United Kingdom general election,2019,politics & diplomacy,politics & diplomacy,Europe,,United Kingdom,49,serial_event,,,
Q66707597,94th Academy Awards,2022,culture & religion,culture & religion,North America,,United States,49,serial_event,,,
Q110254389,prelude to the Russian invasion of Ukraine,2020,politics & diplomacy,politics & diplomacy;battle & war,Europe,,Belarus,49,,,,
Q3699,Revolutions of 1848 in the German states,1848,politics & diplomacy,politics & diplomacy,,,,48,category_guess;region_missing,,,
Q4670,Moscow theater hostage crisis,2002,attack & violence,attack & violence;society & economy;politics & diplomacy,Europe,,Russia,48,,,,
Q19085,killing of Osama bin Laden,2011,attack & violence,attack & violence;battle & war;politics & diplomacy,Asia,,Pakistan,48,,,,
Q26718,Continental Congress,1774,politics & diplomacy,politics & diplomacy,multi,,Kingdom of Great Britain,48,,,,
Q32832,Battle of Varna,1444,battle & war,battle & war,Europe,,Bulgaria,48,,,,
Q49106,Second Intifada,2000,politics & diplomacy,politics & diplomacy,,,,48,category_guess;region_missing,,,
Q152925,Locarno Treaties,1925,politics & diplomacy,politics & diplomacy,Europe,,Switzerland,48,gap_review,,,
Q154439,Concordat of Worms,1122,politics & diplomacy,politics & diplomacy,Europe,,Holy Roman Empire,48,category_guess,,,
Q207576,First Turkish Siege of Vienna,1529,battle & war,battle & war,Europe,,Austria,48,,,,
Q209601,Austro-Hungarian Compromise of 1867,1867,politics & diplomacy,politics & diplomacy,,,,48,region_missing,,,
Q212220,Battle of Nicopolis,1396,battle & war,battle & war,Europe,,Bulgaria,48,,,,
Q216108,BBC Two,1964,politics & diplomacy,politics & diplomacy,Europe,,United Kingdom,48,gap_review;category_guess,,,
Q219384,1955–56 European Cup,1955,politics & diplomacy,politics & diplomacy,,,,48,category_guess;region_missing;serial_event,,,
Q239344,Salt March,1930,politics & diplomacy,politics & diplomacy,Asia,,British India,48,category_guess,,,
Q277560,de-Stalinization,1953,politics & diplomacy,politics & diplomacy,Europe,,Soviet Union,48,,,,
Q285280,Transnistria War,1990,battle & war,battle & war,Europe,,Moldova,48,,,,
Q327959,2000 United States presidential election,2000,politics & diplomacy,politics & diplomacy,North America,,United States,48,serial_event,,,
Q468823,March on Rome,1922,society & economy,society & economy;politics & diplomacy,Europe,,Kingdom of Italy,48,,,,
Q482407,Geneva Conference,1954,politics & diplomacy,politics & diplomacy,Europe,,Switzerland,48,,,,
Q505802,Lewis and Clark Expedition,1804,science & exploration,science & exploration,North America,,United States,48,,,,
Q517621,FIFA World Cup Trophy,1974,culture & religion,culture & religion,,,,48,region_missing,,,
Q541191,Anglo-Irish Treaty,1921,politics & diplomacy,politics & diplomacy,,,,48,region_missing,,,
Q1238338,Caesar's Civil War,-49,battle & war,battle & war,,,,48,region_missing,,,
Q1332160,Indonesian National Revolution,1945,battle & war,battle & war;revolution & uprising,Asia,,Indonesia,48,,,,
Q1993476,death of Adolf Hitler,1945,society & economy,society & economy,Europe,,German Reich,48,,,,
Q21540349,2015 Russian Sukhoi Su-24 shootdown,2015,attack & violence,attack & violence,Asia,,,48,region_boxed,,,
Q95965839,George Floyd protests,2020,society & economy,society & economy,,,,48,region_missing,,,
Q115942630,2025 Formula One World Championship,2025,culture & religion,culture & religion,,,,48,region_missing;serial_event,,,
Q121789683,2023 Wagner Group plane crash,2023,disaster & accident,disaster & accident,Europe,,Russia,48,,,,
Q125986235,2024 Varzaqan helicopter crash,2024,disaster & accident,disaster & accident,Asia,,Iran,48,,,,
Q131552728,Azerbaijan Airlines Flight 8243,2024,disaster & accident,disaster & accident,Asia,,Kazakhstan,48,,,,
Q133999044,2025 conclave,2025,culture & religion,culture & religion,Europe,,Vatican City,48,,,,
Q14689,Battle of the Ice,1242,battle & war,battle & war,Europe,,Novgorodian Land,47,,,,
Q18817,War of the First Coalition,1792,battle & war,battle & war,,,,47,region_missing,,,
Q29065,2011 England riots,2011,disaster & accident,disaster & accident;society & economy,Europe,,United Kingdom,47,,,,
Q33162,Top Gear,2002,culture & religion,culture & religion,,,,47,region_missing;entity_start,,,
Q60022,Tennis Court Oath,1789,politics & diplomacy,politics & diplomacy,Europe,,Kingdom of France,47,category_guess,,,
Q79721,dot-com bubble,2000,politics & diplomacy,politics & diplomacy,North America,,United States,47,category_guess,,,
Q123227,Treaty of Küçük Kaynarca,1774,politics & diplomacy,politics & diplomacy,Europe,,Bulgaria,47,,,,
Q126306,Decembrist revolt,1825,revolution & uprising,revolution & uprising;politics & diplomacy,North America,,Russian Empire,47,,,,
Q153376,Second Battle of El Alamein,1942,battle & war,battle & war,Africa,,Egypt,47,,,,
Q154494,Aktion T4,1939,politics & diplomacy,politics & diplomacy,Europe,,Nazi Germany,47,category_guess,,,
Q155796,Treaty of Rapallo,1922,politics & diplomacy,politics & diplomacy,Europe,,Russian Socialist Federative Soviet Republic,47,,,,
Q156211,Treaty of Paris (1763),1763,politics & diplomacy,politics & diplomacy,,,,47,region_missing,,,
Q190108,Pioneer program,1958,science & exploration,science & exploration,North America,,United States,47,gap_review,,,
Q203354,Finnish markka,1860,society & economy,society & economy,Europe,,Finland,47,,,,
Q211087,Pan Am Flight 103,1988,attack & violence,attack & violence;disaster & accident,Europe,,United Kingdom,47,,,,
Q211484,Eurovision Song Contest 1994,1994,culture & religion,culture & religion,Europe,,Ireland,47,serial_event,,,
Q213380,Supreme Court of India,2022,politics & diplomacy,politics & diplomacy,Asia,,India,47,category_guess,,,
Q217429,Metre Convention,1875,politics & diplomacy,politics & diplomacy,,,,47,region_missing,,,
Q219438,Montreal Protocol,1987,politics & diplomacy,politics & diplomacy,,,,47,region_missing,,,
Q219697,Battle of Las Navas de Tolosa,1212,battle & war,battle & war,multi,,Almohad Caliphate,47,,,,
Q223604,Greco-Italian War,1940,battle & war,battle & war,,,,47,region_missing,,,
Q228911,Anglo-Zulu War,1879,battle & war,battle & war,,,,47,region_missing,,,
Q234188,Battle of Sekigahara,1600,battle & war,battle & war,Asia,,Japan,47,,,,
Q242644,Battle of Caporetto,1917,battle & war,battle & war,Europe,,Italy,47,,,,
Q243979,Battle of the Nile,1798,battle & war,battle & war,Africa,,Egypt,47,,,,
Q253684,French invasion of Egypt and Syria,1798,battle & war,battle & war,,,,47,region_missing,,,
Q270642,Irish pound,1927,society & economy,society & economy,Europe,,Ireland,47,gap_review,,,
Q273011,Battle of Marengo,1800,battle & war,battle & war,Europe,,Italy,47,,,,
Q273659,Iran–Contra affair,1985,politics & diplomacy,politics & diplomacy,North America,,United States,47,,,,
Q322607,War of Attrition,1967,battle & war,battle & war,Africa,,,47,region_boxed,,,
Q426227,Third Battle of Ypres,1917,battle & war,battle & war,Europe,,Belgium,47,,,,
Q464075,2004 United States presidential election,2004,politics & diplomacy,politics & diplomacy,North America,,United States,47,serial_event,,,
Q522837,Bengal famine of 1943,1943,disaster & accident,disaster & accident,Asia,,British Raj,47,,,,
Q589673,Iran hostage crisis,1979,attack & violence,attack & violence;politics & diplomacy,Asia,,Iran,47,,,,
Q605977,War of the Fourth Coalition,1806,battle & war,battle & war,,,,47,region_missing,,,
Q625151,electric locomotive,1837,politics & diplomacy,politics & diplomacy,,,,47,gap_review;category_guess;region_missing,,,
Q696835,Liberation of Paris,1944,battle & war,battle & war,Europe,,France,47,,,,
Q700983,German Instrument of Surrender,1945,politics & diplomacy,politics & diplomacy,,,,47,region_missing,,,
Q740724,Treaty of Paris,1814,politics & diplomacy,politics & diplomacy,Europe,,France,47,,,,
Q819264,colour revolution,1986,revolution & uprising,revolution & uprising,,,,47,gap_review;region_missing,,,
Q821283,Battle of Warsaw,1920,battle & war,battle & war,Europe,,Poland,47,,,,
Q1127302,Estonian War of Independence,1918,battle & war,battle & war;politics & diplomacy,Europe,,Estonia,47,,,,
Q1129096,"Constitution of May 3, 1791",1791,politics & diplomacy,politics & diplomacy,Europe,,Polish–Lithuanian Commonwealth,47,,,,
Q1455917,Umayyad conquest of Hispania,711,battle & war,battle & war,,,,47,region_missing,,,
Q1977453,second-wave feminism,1960,politics & diplomacy,politics & diplomacy,North America,,United States,47,category_guess,,,
Q7126013,Jacquerie,1358,revolution & uprising,revolution & uprising,Europe,,Kingdom of France,47,,,,
Q15733401,Revolution of Dignity,2010,revolution & uprising,revolution & uprising;society & economy;politics & diplomacy,Europe,,Ukraine,47,,,,
Q26689701,August 2016 Central Italy earthquake,2016,disaster & accident,disaster & accident,Europe,,Italy,47,,,,
Q28130514,Treaty on the Prohibition of Nuclear Weapons,2017,politics & diplomacy,politics & diplomacy,,,,47,region_missing,,,
Q38685186,Hurricane Irma,2017,disaster & accident,disaster & accident,multi,,Anguilla,47,,,,
Q55301634,Tham Luang cave rescue,2018,politics & diplomacy,politics & diplomacy,Asia,,Thailand,47,category_guess,,,
Q81360866,Ukraine International Airlines Flight 752,2020,disaster & accident,disaster & accident,Asia,,Iran,47,,,,
Q153341,Operation Sea Lion,1940,battle & war,battle & war,Europe,,Nazi Germany,46,,,,
Q154102,Peace of Pressburg,1805,politics & diplomacy,politics & diplomacy,,,,46,region_missing,,,
Q169401,Intermediate-Range Nuclear Forces Treaty,1987,politics & diplomacy,politics & diplomacy,multi,,Soviet Union,46,,,,
Q175653,Siege of Sarajevo,1990,battle & war,battle & war,Europe,,Bosnia and Herzegovina,46,,,,
Q182085,2011 Lokomotiv Yaroslavl air disaster,2011,disaster & accident,disaster & accident,Europe,,Russia,46,,,,
Q203681,Battle of Pharsalus,-48,battle & war,battle & war,Europe,,Greece,46,,,,
Q211035,Calvin and Hobbes,1985,culture & religion,culture & religion,,,,46,region_missing;entity_start,,,
Q214866,Great Hanshin Earthquake,1995,disaster & accident,disaster & accident,Asia,,Japan,46,,,,
Q216165,Union of Utrecht,1579,politics & diplomacy,politics & diplomacy,,,,46,region_missing,,,
Q217145,Guadalcanal campaign,1942,battle & war,battle & war,Oceania,,,46,region_boxed,,,
Q219217,tulip mania,1634,politics & diplomacy,politics & diplomacy,Europe,,Dutch Republic,46,category_guess,,,
Q222013,Battle of Bosworth Field,1485,battle & war,battle & war,Europe,,Kingdom of England,46,,,,
Q239937,Pokémon,1997,politics & diplomacy,politics & diplomacy,,,,46,category_guess;region_missing,,,
Q245551,1970 Bhola cyclone,1970,disaster & accident,disaster & accident,,,,46,region_missing,,,
Q255352,Basmachi movement,1916,revolution & uprising,revolution & uprising,,,,46,region_missing,,,
Q308999,Battle of Leyte Gulf,1944,battle & war,battle & war,Asia,,,46,region_boxed,,,
Q318250,Ogaden War,1977,battle & war,battle & war,,,,46,region_missing,,,
Q399999,prohibition in the United States,1920,politics & diplomacy,politics & diplomacy,,,,46,region_missing,,,
Q466876,Ranger program,1959,science & exploration,science & exploration,,,,46,region_missing,,,
Q498871,Peasants' Revolt of 1381,1381,revolution & uprising,revolution & uprising,Europe,,Kingdom of England,46,,,,
Q540978,Second Italian War of Independence,1859,battle & war,battle & war;politics & diplomacy,,,,46,region_missing,,,
Q576338,Japanese invasions of Korea,1592,battle & war,battle & war,,,,46,region_missing,,,
Q605321,Battle of Panipat,1526,battle & war,battle & war,Asia,,India,46,,,,
Q635533,Cambodian–Vietnamese War,1977,battle & war,battle & war,Asia,,Democratic Kampuchea,46,gap_review,,,
Q656186,Fronde,1648,battle & war,battle & war,Europe,,Kingdom of France,46,,,,
Q684324,War of the Fifth Coalition,1809,battle & war,battle & war,,,,46,region_missing,,,
Q726261,Ottoman Interregnum,1402,battle & war,battle & war,,,,46,region_missing,,,
Q736268,Finnish War,1808,battle & war,battle & war,Europe,,,46,region_boxed,,,
Q749811,Mutiny on the Bounty,1789,revolution & uprising,revolution & uprising,Europe,,Kingdom of Great Britain,46,,,,
Q847664,constitution of Spain,1978,politics & diplomacy,politics & diplomacy,Europe,,Spain,46,,,,
Q913640,Great Smog of London,1952,disaster & accident,disaster & accident,Europe,,United Kingdom,46,,,,
Q989115,First Italo-Ethiopian War,1894,battle & war,battle & war,,,,46,region_missing,,,
Q1575036,2012 Delhi gang rape case,2012,politics & diplomacy,politics & diplomacy,,,,46,category_guess;region_missing,,,
Q2946372,Mali War,2012,battle & war,battle & war,Africa,,Mali,46,,,,
Q4298662,Young Turk Revolution of 1908,1908,revolution & uprising,revolution & uprising,Europe,,Ottoman Empire,46,,,,
Q15926885,2014 FIFA World Cup Final,2014,culture & religion,culture & religion,South America,,Brazil,46,serial_event,,,
Q21007721,2015 Mina stampede,2015,disaster & accident,disaster & accident,Asia,,Saudi Arabia,46,,,,
Q24091473,EgyptAir Flight 804,2016,disaster & accident,disaster & accident,Africa,,,46,region_boxed,,,
Q30130610,Qatar diplomatic crisis,2017,politics & diplomacy,politics & diplomacy,Asia,,Qatar,46,,,,
Q62018034,Ethiopian Airlines Flight 302 Crash,2019,disaster & accident,disaster & accident,Africa,,Ethiopia,46,,,,
Q84055514,COVID-19 pandemic in India,2020,disaster & accident,disaster & accident,Asia,,India,46,,,,
Q131380778,2024 South Korean martial law crisis,2024,politics & diplomacy,politics & diplomacy,Asia,,South Korea,46,,,,
Q26749,War of the Second Coalition,1798,battle & war,battle & war,,,,45,region_missing,,,
Q27900,Siege of Constantinople,717,battle & war,battle & war,multi,,Byzantine Empire,45,,,,
Q33297,Wow! signal,1977,politics & diplomacy,politics & diplomacy,,,,45,category_guess;region_missing,,,
Q82542,Tet Offensive,1968,battle & war,battle & war,Asia,,Vietnam,45,,,,
Q83157,2010 Africa Cup of Nations,2010,culture & religion,culture & religion,Africa,,Angola,45,entity_start;serial_event,,,
Q94247,Interstate Highway System,1956,politics & diplomacy,politics & diplomacy,North America,,United States,45,category_guess,,,
Q109251,Samnite Wars,-343,battle & war,battle & war,,,,45,gap_review;region_missing,,,
Q123070,Sixth Russo-Turkish War,1701,battle & war,battle & war,,,,45,gap_review;region_missing,,,
Q153316,Battle of Crete,1941,battle & war,battle & war,Europe,,Greece,45,,,,
Q154288,Black September,1970,battle & war,battle & war,,,,45,region_missing,,,
Q156086,Treaty of Aix-la-Chapelle,1748,politics & diplomacy,politics & diplomacy,Europe,,Germany,45,,,,
Q162250,First Battle of El Alamein,1942,battle & war,battle & war,Africa,,Egypt,45,,,,
Q162333,Italian Campaign,1943,battle & war,battle & war,Europe,,Italy,45,,,,
Q163244,Potsdam Declaration,1945,politics & diplomacy,politics & diplomacy,,,,45,region_missing,,,
Q188799,Virginia Tech shooting,2007,attack & violence,attack & violence;society & economy,North America,,United States,45,,,,
Q208133,Slovenian tolar,1991,society & economy,society & economy,Europe,,Slovenia,45,,,,
Q208401,2010 FIFA World Cup Final,2010,culture & religion,culture & religion,Africa,,South Africa,45,serial_event,,,
Q219355,Roswell incident,1947,politics & diplomacy,politics & diplomacy,North America,,United States,45,category_guess,,,
Q220635,carrack,1500,politics & diplomacy,politics & diplomacy,,,,45,category_guess;region_missing,,,
Q233507,Second Anglo-Afghan War,1878,battle & war,battle & war,Asia,,British India,45,,,,
Q296754,Battle of Singapore,1942,battle & war,battle & war,Asia,,British Malaya,45,,,,
Q302519,Battle of Adwa,1896,battle & war,battle & war,Africa,,Ethiopia,45,,,,
Q321032,Council of Florence,1431,culture & religion,culture & religion,Europe,,Republic of Florence,45,,,,
Q322943,Paris Peace Treaties,1947,politics & diplomacy,politics & diplomacy,,,,45,region_missing,,,
Q323888,Heysel Stadium disaster,1985,disaster & accident,disaster & accident,Europe,,Belgium,45,,,,
Q339321,Battle of the Milvian Bridge,312,battle & war,battle & war,Europe,,Italy,45,,,,
Q339963,Surveyor program,1966,science & exploration,science & exploration,North America,,United States,45,,,,
Q392538,Battle of Sagrajas,1086,battle & war,battle & war,Europe,,Spain,45,,,,
Q459447,Siege of Yorktown,1781,battle & war,battle & war,North America,,United States,45,,,,
Q595321,Singing Revolution,1987,revolution & uprising,revolution & uprising,Europe,,Estonia,45,,,,
Q622751,war communism,1918,politics & diplomacy,politics & diplomacy;battle & war,Europe,,Russian Socialist Federative Soviet Republic,45,,,,
Q623429,Reconstruction Era,1863,battle & war,battle & war,North America,,United States,45,,,,
Q646322,Franco-Dutch War,1672,battle & war,battle & war,,,,45,region_missing,,,
Q696894,Cairo Conference,1943,politics & diplomacy,politics & diplomacy,Africa,,Egypt,45,,,,
Q751149,Earth Summit,1992,politics & diplomacy,politics & diplomacy,South America,,Brazil,45,,,,
Q814484,Dyatlov Pass incident,1959,disaster & accident,disaster & accident,Europe,,Soviet Union,45,,,,
Q856650,Iraqi invasion of Kuwait,2009,battle & war,battle & war,Asia,,Kuwait,45,gap_review,,,
Q868393,Underground Railroad,1800,revolution & uprising,revolution & uprising,North America,,United States,45,gap_review,,,
Q1025404,assassination of Abraham Lincoln,1865,attack & violence,attack & violence;politics & diplomacy,North America,,United States,45,,,,
Q1076469,Peace of Riga,1921,politics & diplomacy,politics & diplomacy,Europe,,Second Polish Republic,45,,,,
Q1123201,Spanish American wars of independence,1808,battle & war,battle & war;politics & diplomacy,,,,45,gap_review;region_missing,,,
Q1146739,Tokyo subway sarin attack,1995,attack & violence,attack & violence,Asia,,Japan,45,,,,
Q1247524,founding of Rome,-753,politics & diplomacy,politics & diplomacy,Europe,,Italy,45,category_guess,,,
Q1773926,Congo Crisis,1960,battle & war,battle & war;politics & diplomacy,,,,45,region_missing,,,
Q6900329,the Blitz,1940,battle & war,battle & war,Europe,,United Kingdom,45,,,,
Q18641076,2014 Peshawar school attack,2014,attack & violence,attack & violence,Asia,,Pakistan,45,,,,
Q29213121,2017 Stockholm attack,2017,attack & violence,attack & violence,Europe,,Sweden,45,,,,
Q51557538,China–United States trade war,2018,battle & war,battle & war,,,,45,region_missing,,,
Q83872271,COVID-19 pandemic in China,2019,disaster & accident,disaster & accident,Asia,,People's Republic of China,45,,,,
Q113857620,coronation of Charles III and Camilla,2023,politics & diplomacy,politics & diplomacy,Europe,,United Kingdom,45,,,,
Q114051466,death of Jina Mahsa Amini,2022,society & economy,society & economy,Asia,,Iran,45,,,,
Q114912414,Itaewon Halloween crowd crush,2022,disaster & accident,disaster & accident,Asia,,South Korea,45,,,,
Q122311648,Storm Daniel,2023,disaster & accident,disaster & accident,multi,,Bulgaria,45,,,,
Q124060919,2024 Noto earthquake,2024,disaster & accident,disaster & accident,Asia,,Japan,45,,,,
Q135005864,2025 United States strikes on Iranian nuclear sites,2025,battle & war,battle & war,Asia,,Iran,45,,,,
Q135502884,2025 Kamchatka earthquake,2025,disaster & accident,disaster & accident,Europe,,Russia,45,,,,
Q137652531,2026 Crans-Montana bar fire,2026,disaster & accident,disaster & accident,Europe,,Switzerland,45,,,,
Q18180,Korean Air Lines Flight 007 crash,1983,attack & violence,attack & violence;battle & war;disaster & accident,multi,,Japan,44,,,,
Q27169,Member of the European Parliament,1979,politics & diplomacy,politics & diplomacy,,,,44,gap_review;region_missing,,,
Q51650,People's Crusade,1096,battle & war,battle & war,,,,44,region_missing,,,
Q137847,treaty of Adrianople,1829,politics & diplomacy,politics & diplomacy,Europe,,,44,region_boxed,,,
Q156556,Treaty of Kiel,1814,politics & diplomacy,politics & diplomacy,Europe,,Germany,44,,,,
Q157682,East German uprising of 1953,1953,revolution & uprising,revolution & uprising,Europe,,German Democratic Republic,44,,,,
Q170351,Bombing of Guernica,1937,battle & war,battle & war,Europe,,Spanish Republic at War,44,,,,
Q187621,Hurricane Irene,2011,disaster & accident,disaster & accident,North America,,United States,44,,,,
Q207250,Battle of Lake Trasimene,-217,battle & war,battle & war,Europe,,Italy,44,,,,
Q208199,Sabra and Shatila massacre,1982,attack & violence,attack & violence,Asia,,Lebanon,44,,,,
Q208759,Apollo–Soyuz,1975,science & exploration,science & exploration,,,,44,region_missing,,,
Q244980,Siege of Belgrade,1456,battle & war,battle & war,Europe,,Kingdom of Hungary,44,,,,
Q270517,Dieppe Raid,1942,battle & war,battle & war,Europe,,France,44,,,,
Q279790,May Fourth Movement,1919,society & economy,society & economy,Asia,,Republic of China,44,,,,
Q332543,Battle of the Pyramids,1798,battle & war,battle & war,Africa,,Egypt,44,,,,
Q461891,Svalbard Treaty,1920,politics & diplomacy,politics & diplomacy,Europe,,Norway,44,,,,
Q500067,Treaty of Bucharest,1913,politics & diplomacy,politics & diplomacy,Europe,,Romania,44,,,,
Q504081,Greek junta,1967,battle & war,battle & war;politics & diplomacy,Europe,,Greece,44,,,,
Q541369,Anglo-Soviet invasion of Iran,1941,battle & war,battle & war,Asia,,British India,44,,,,
Q584617,Treaty of London,1913,politics & diplomacy,politics & diplomacy,Europe,,United Kingdom,44,,,,
Q622365,Victory in Europe Day,1945,culture & religion,culture & religion,Europe,,France,44,,,,
Q631489,Klondike Gold Rush,1896,politics & diplomacy,politics & diplomacy,North America,,Canada,44,category_guess,,,
Q696018,Operation Compass,1940,battle & war,battle & war,Asia,,British India,44,,,,
Q726501,Dust Bowl,1930,disaster & accident,disaster & accident,North America,,Canada,44,,,,
Q745110,Battle of Chaldiran,1514,battle & war,battle & war,Asia,,Iran,44,,,,
Q815567,1988 Spitak earthquake,1988,disaster & accident,disaster & accident,Europe,,Soviet Union,44,,,,
Q817206,Cambodian Civil War,1967,battle & war,battle & war,Asia,,Cambodia,44,,,,
Q832508,Constitution of France,1958,politics & diplomacy,politics & diplomacy,Europe,,France,44,,,,
Q838980,May Revolution,1810,revolution & uprising,revolution & uprising,South America,,Viceroyalty of the Río de la Plata,44,,,,
Q846876,Stockholm Bloodbath,1520,attack & violence,attack & violence;society & economy,Europe,,Sweden,44,,,,
Q847137,Treaty of Paris (1898),1898,politics & diplomacy,politics & diplomacy,,,,44,region_missing,,,
Q849176,Kościuszko Uprising,1794,revolution & uprising,revolution & uprising,,,,44,region_missing,,,
Q1341539,Saur Revolution,1978,revolution & uprising,revolution & uprising,Asia,,Republic of Afghanistan,44,,,,
Q1356047,execution of the Romanov family,1918,attack & violence,attack & violence;politics & diplomacy,Europe,,Russian Socialist Federative Soviet Republic,44,,,,
Q3517986,first-wave feminism,1850,politics & diplomacy,politics & diplomacy,,,,44,gap_review;category_guess;region_missing,,,
Q4735638,Deepwater Horizon oil spill,2010,battle & war,battle & war;disaster & accident,North America,,United States,44,,,,
Q29001838,2017 Westminster attack,2017,attack & violence,attack & violence,Europe,,United Kingdom,44,,,,
Q50396434,2018 North Korea–United States Singapore Summit,2018,politics & diplomacy,politics & diplomacy,Asia,,Singapore,44,,,,
Q101231200,Tigray war,2020,attack & violence,attack & violence;battle & war,Africa,,Ethiopia,44,,,,
Q131936357,2025 Potomac River mid-air collision,2025,disaster & accident,disaster & accident,North America,,United States,44,,,,
Q137383251,2025 Bondi Beach shooting,2025,attack & violence,attack & violence,Oceania,,Australia,44,,,,
Q10951,Second Council of Lyon,1274,culture & religion,culture & religion,,,,43,region_missing,,,
Q49964,Council of Clermont,1095,culture & religion,culture & religion,Europe,,France,43,,,,
Q53692,2012 Gaza War,2012,battle & war,battle & war,Africa,,,43,region_boxed,,,
Q76986,Belovezh Accords,1991,politics & diplomacy,politics & diplomacy,Europe,,Belarus,43,,,,
Q94080,Time of Troubles,1598,politics & diplomacy,politics & diplomacy,,,,43,gap_review;category_guess;region_missing,,,
Q155008,Operation Uranus,1942,battle & war,battle & war,Asia,,,43,region_boxed,,,
Q164771,Agadir Crisis,1911,politics & diplomacy,politics & diplomacy,Africa,,Morocco,43,,,,
Q168708,Dallas,1978,culture & religion,culture & religion,North America,,,43,region_boxed;entity_start,,,
Q170360,Armistice of 22 June 1940,1940,politics & diplomacy,politics & diplomacy,Europe,,France,43,,,,
Q207329,Soyuz programme,1991,science & exploration,science & exploration,Europe,,Soviet Union,43,gap_review,,,
Q209312,Eighth Russo-Turkish War,1806,battle & war,battle & war,,,,43,region_missing,,,
Q210714,2011 military intervention in Libya,2011,battle & war,battle & war,Africa,,Libya,43,,,,
Q211395,treaty of Passarowitz,1718,politics & diplomacy,politics & diplomacy,,,,43,region_missing,,,
Q214790,2010 Copiapó mining accident,2010,disaster & accident,disaster & accident,South America,,Chile,43,,,,
Q238440,Battle of Navarino,1827,battle & war,battle & war,Europe,,Greece,43,,,,
Q241108,Battle of Friedland,1807,battle & war,battle & war,Europe,,Russia,43,,,,
Q287942,Ninth Russo-Turkish War,1828,battle & war,battle & war,,,,43,region_missing,,,
Q308923,Munich air disaster,1958,disaster & accident,disaster & accident,Europe,,West Germany,43,,,,
Q313102,Pragmatic Sanction of 1713,1713,politics & diplomacy,politics & diplomacy,,,,43,gap_review;category_guess;region_missing,,,
Q426759,League of Nations mandate,1919,politics & diplomacy,politics & diplomacy,,,,43,category_guess;region_missing,,,
Q499626,Battle of Stirling Bridge,1297,battle & war,battle & war,Europe,,Kingdom of Scotland,43,,,,
Q504172,Battle of Guadalete,711,battle & war,battle & war,Europe,,Spain,43,,,,
Q518753,Sharpeville massacre,1960,attack & violence,attack & violence,Africa,,South Africa,43,,,,
Q582706,Israeli settlement,1967,politics & diplomacy,politics & diplomacy,Asia,,Israel and The Occupied Territories,43,gap_review;category_guess,,,
Q589318,Battle of Falkirk,1298,battle & war,battle & war,Europe,,Kingdom of Scotland,43,,,,
Q610272,Geneva Convention of 1864,1864,politics & diplomacy,politics & diplomacy,Europe,,Switzerland,43,,,,
Q622766,Merger Treaty,1965,politics & diplomacy,politics & diplomacy,,,,43,region_missing,,,
Q638587,Fifth Russo-Turkish War,1736,battle & war,battle & war,,,,43,region_missing,,,
Q654374,Battle of Cambrai,1917,battle & war,battle & war,Europe,,France,43,,,,
Q695020,Massacres of Poles in Volhynia and Eastern Galicia,1942,attack & violence,attack & violence,Europe,,Ukraine,43,,,,
Q719883,Statute of Westminster 1931,1931,politics & diplomacy,politics & diplomacy,Europe,,United Kingdom,43,gap_review,,,
Q743060,Iran Air Flight 655 shootdown,1988,attack & violence,attack & violence;disaster & accident,Asia,,,43,region_boxed,,,
Q753167,74th Academy Awards,2002,culture & religion,culture & religion,North America,,United States,43,serial_event,,,
Q815161,Conquest of Jerusalem,1187,battle & war,battle & war,Asia,,Kingdom of Jerusalem,43,,,,
Q836844,Battle of al-Qadisiyyah,636,battle & war,battle & war,Asia,,Iraq,43,,,,
Q861510,2008 Kosovo declaration of independence,2008,politics & diplomacy,politics & diplomacy,Europe,,Kosovo,43,,,,
Q877450,Laotian Civil War,1959,battle & war,battle & war,,,,43,gap_review;region_missing,,,
Q917435,July Crisis,1914,politics & diplomacy,politics & diplomacy,Europe,,Germany,43,,,,
Q956475,Greek government-debt crisis,2009,society & economy,society & economy;politics & diplomacy,Europe,,Greece,43,,,,
Q1048169,Treaty of Berlin of 1878,1878,politics & diplomacy,politics & diplomacy,Europe,,Holy Roman Empire,43,,,,
Q1056439,Treaty of Tartu,1920,politics & diplomacy,politics & diplomacy,,,,43,region_missing,,,
Q1134220,Mongol invasion of Kievan Rus',1223,battle & war,battle & war,Asia,,Mongol Empire,43,,,,
Q1773668,Warsaw Pact invasion of Czechoslovakia,1968,battle & war,battle & war;politics & diplomacy,,,,43,region_missing,,,
Q2649081,German invasion of the Netherlands,1940,battle & war,battle & war,Europe,,Netherlands,43,,,,
Q6165880,Soviet invasion of Manchuria,1945,battle & war,battle & war,Asia,,,43,region_boxed,,,
Q21715205,UEFA Euro 2016 finals: Portugal v France,2016,culture & religion,culture & religion,Europe,,France,43,serial_event,,,
Q122700456,2023 Azerbaijani offensive in Nagorno-Karabakh,2023,battle & war,battle & war,Asia,,Azerbaijan,43,,,,
Q131704535,January 2025 Southern California wildfires,2025,disaster & accident,disaster & accident,North America,,United States,43,,,,
Q134044277,2025 Pahalgam attack,2025,attack & violence,attack & violence,Asia,,India,43,,,,
Q76210,The Blue Lotus,1934,culture & religion,culture & religion,,,,42,region_missing,,,
Q117693,Raising the Flag on Iwo Jima,1945,politics & diplomacy,politics & diplomacy,,,,42,category_guess;region_missing,,,
Q155620,Second Battle of Kharkov,1942,battle & war,battle & war,Europe,,Ukraine,42,,,,
Q155726,Battle of Narva,1700,battle & war,battle & war,Europe,,Swedish Empire,42,,,,
Q157873,Third Battle of Kharkov,1943,battle & war,battle & war,Europe,,Ukraine,42,,,,
Q158822,Pontcysyllte Aqueduct,1805,politics & diplomacy,politics & diplomacy,Europe,,United Kingdom,42,category_guess,,,
Q159512,Battle of Legnica,1241,battle & war,battle & war,Europe,,Poland,42,,,,
Q167246,Bosnian Crisis,1908,politics & diplomacy,politics & diplomacy,,,,42,region_missing,,,
Q192632,NME,1952,politics & diplomacy,politics & diplomacy,Europe,,United Kingdom,42,category_guess,,,
Q193892,Live 8,2005,culture & religion,culture & religion,Europe,,United Kingdom,42,,,,
Q220602,Soviet–Japanese War,1945,battle & war,battle & war,,,,42,region_missing,,,
Q221111,Operation Dragoon,1944,battle & war,battle & war,Europe,,France,42,,,,
Q234132,Hillsborough disaster,1989,disaster & accident,disaster & accident,Europe,,United Kingdom,42,,,,
Q306535,Austrian State Treaty,1955,politics & diplomacy,politics & diplomacy,Europe,,Austria,42,,,,
Q324916,Battle of Solferino,1859,battle & war,battle & war,Europe,,Italy,42,,,,
Q331347,Battle of Eylau,1807,battle & war,battle & war,Europe,,Kingdom of Prussia,42,,,,
Q405475,Constitutional Convention,1787,politics & diplomacy,politics & diplomacy,North America,,United States,42,,,,
Q444698,Operation Paperclip,1945,battle & war,battle & war,,,,42,region_missing,,,
Q467777,Battle of Wagram,1809,battle & war,battle & war,Europe,,Austria,42,,,,
Q486814,wedding of Prince William and Catherine Middleton,2011,culture & religion,culture & religion,Europe,,United Kingdom,42,,,,
Q502093,Casablanca Conference,1943,politics & diplomacy,politics & diplomacy,Africa,,Morocco,42,,,,
Q521799,Battle of the Neva,1240,battle & war,battle & war,Europe,,Russia,42,,,,
Q523154,Caucasus campaign,1914,battle & war,battle & war,Asia,,,42,region_boxed,,,
Q543165,Battle of Fort Sumter,1861,battle & war,battle & war,North America,,United States,42,,,,
Q568445,1999 FIFA Women's World Cup,1999,culture & religion,culture & religion,North America,,United States,42,serial_event,,,
Q585962,Civil Rights Act of 1964,1964,politics & diplomacy,politics & diplomacy,North America,,United States,42,,,,
Q616109,Treaty of Guadalupe Hidalgo,1848,politics & diplomacy,politics & diplomacy,North America,,Mexico,42,,,,
Q641479,Khmelnytsky Uprising,1648,revolution & uprising,revolution & uprising,,,,42,region_missing,,,
Q654006,Second Northern War,1655,battle & war,battle & war,,,,42,region_missing,,,
Q695285,Moscow Peace Treaty,1940,politics & diplomacy,politics & diplomacy,Europe,,Finland,42,,,,
Q722699,Fashoda Incident,1898,battle & war,battle & war;politics & diplomacy,Africa,,South Sudan,42,,,,
Q732063,Cheers,1982,culture & religion,culture & religion,,,,42,region_missing;entity_start,,,
Q748379,1960 U-2 incident spy aircraft,1960,battle & war,battle & war;disaster & accident,Europe,,Russia,42,,,,
Q838695,First Congo War,1996,battle & war,battle & war,,,,42,region_missing,,,
Q846848,Stuart Restoration,1660,politics & diplomacy,politics & diplomacy,Europe,,United Kingdom,42,category_guess,,,
Q1139479,Macedonia naming dispute,1991,battle & war,battle & war,,,,42,gap_review;region_missing,,,
Q1145682,Ilinden–Preobrazhenie Uprising,1903,revolution & uprising,revolution & uprising,Europe,,Ottoman Empire,42,,,,
Q2888837,Battle of Greece,1941,battle & war,battle & war,Europe,,Greece,42,,,,
Q30274958,Grenfell Tower fire,2017,disaster & accident,disaster & accident,Europe,,United Kingdom,42,,,,
Q106185868,2021 Suez Canal obstruction,2021,disaster & accident,disaster & accident,Africa,,Egypt,42,,,,
Q138414208,2026 Afghanistan–Pakistan War,2026,battle & war,battle & war,Asia,,Afghanistan,42,,,,
Q31944,Mahdist War,1881,battle & war,battle & war,Africa,,,41,region_boxed,,,
Q70520,Great Chicago Fire,1871,disaster & accident,disaster & accident,North America,,United States,41,,,,
Q136208,ZIP code,1943,politics & diplomacy,politics & diplomacy,North America,,United States,41,gap_review;category_guess,,,
Q152772,2009 World Championships in Athletics,2009,culture & religion,culture & religion,Europe,,Germany,41,serial_event,,,
Q154635,Battle of Blenheim,1704,battle & war,battle & war,Europe,,Germany,41,,,,
Q154860,Siege of Sevastopol,1941,battle & war,battle & war,Europe,,Russia,41,,,,
Q163780,Slovak National Uprising,1944,revolution & uprising,revolution & uprising,,,,41,region_missing,,,
Q169072,Colombian conflict,1964,revolution & uprising,revolution & uprising,South America,,Colombia,41,gap_review,,,
Q176930,Declaration by United Nations,1942,politics & diplomacy,politics & diplomacy,,,,41,region_missing,,,
Q215687,Boston Massacre,1770,attack & violence,attack & violence,North America,,United States,41,,,,
Q220827,Mars Exploration Rover,2003,science & exploration,science & exploration,,,,41,region_missing,,,
Q221967,Brusilov Offensive,1916,battle & war,battle & war,,,,41,region_missing,,,
Q268567,2006 FIFA World Cup Final,2006,culture & religion,culture & religion,Europe,,Germany,41,serial_event,,,
Q273069,Battle of Lechfeld,955,battle & war,battle & war,Europe,,Germany,41,,,,
Q327052,Battle of Aachen,1944,battle & war,battle & war,Europe,,Germany,41,,,,
Q464555,Peronism,1945,politics & diplomacy,politics & diplomacy,South America,,Argentina,41,entity_start,,,
Q476855,Mau Mau rebellion,1952,revolution & uprising,revolution & uprising,Africa,,Kenya,41,,,,
Q501866,1983 Invasion of Grenada,1983,battle & war,battle & war,North America,,Grenada,41,,,,
Q505939,Battle of Vukovar,1991,battle & war,battle & war,Europe,,Croatia,41,,,,
Q651919,Battle of Culloden,1746,battle & war,battle & war,Europe,,Kingdom of Great Britain,41,,,,
Q672392,Padma Vibhushan,1954,culture & religion,culture & religion,Asia,,India,41,entity_start,,,
Q694767,Treaty of Schönbrunn,1809,politics & diplomacy,politics & diplomacy,,,,41,region_missing,,,
Q697842,Invasion of Yugoslavia,1941,battle & war,battle & war,,,,41,region_missing,,,
Q713516,Doolittle Raid,1942,battle & war,battle & war,Asia,,Empire of Japan,41,,,,
Q713529,Battle of the River Plate,1939,battle & war,battle & war,South America,,,41,region_boxed,,,
Q719992,Fourth Council of the Lateran,1215,culture & religion,culture & religion,Europe,,,41,region_boxed,,,
Q732816,Fourth Council of Constantinople,869,culture & religion,culture & religion,,,,41,region_missing,,,
Q735876,Battle of Siffin,657,battle & war,battle & war,Asia,,Syria,41,,,,
Q743306,International Convention on the Elimination of All Forms of Racial Discrimination,1969,politics & diplomacy,politics & diplomacy,,,,41,region_missing,,,
Q833926,Sacco and Vanzetti,1927,society & economy,society & economy,North America,,United States,41,,,,
Q844886,Siege of Jerusalem,70,battle & war,battle & war,Africa,,,41,region_boxed,,,
Q867778,People's Republic of Kampuchea,1979,politics & diplomacy,politics & diplomacy,Asia,,,41,gap_review;category_guess;region_boxed,,,
Q1160895,Treaty of London,1839,politics & diplomacy,politics & diplomacy,Europe,,,41,region_boxed,,,
Q2092033,Conquest of Mecca,629,battle & war,battle & war,Asia,,Saudi Arabia,41,,,,
Q3944788,Event Horizon Telescope,2006,science & exploration,science & exploration,,,,41,gap_review;region_missing,,,
Q13410316,Gezi Park protests,2013,society & economy,society & economy,Asia,,Turkey,41,,,,
Q14246267,Santiago de Compostela derailment,2013,disaster & accident,disaster & accident,Europe,,Spain,41,,,,
Q15838763,2014 Crimean status referendum,2014,politics & diplomacy,politics & diplomacy,Europe,,Ukraine,41,,,,
Q16338015,sinking of the MV Sewol,2014,disaster & accident,disaster & accident,Asia,,South Korea,41,,,,
Q17329128,Brazil v Germany (2014 FIFA World Cup),2014,culture & religion,culture & religion,South America,,Brazil,41,serial_event,,,
Q17410088,Air Algérie Flight 5017,2014,disaster & accident,disaster & accident,Africa,,Mali,41,,,,
Q18951344,TransAsia Airways Flight 235,2015,disaster & accident,disaster & accident,Asia,,Taiwan,41,,,,
Q23253749,Flydubai Flight 981,2016,disaster & accident,disaster & accident,Europe,,Russia,41,,,,
Q70207089,2019 Turkish offensive into north-eastern Syria,2019,battle & war,battle & war,Asia,,Syria,41,,,,
Q137017220,Wang Fuk Court fire,2025,disaster & accident,disaster & accident,Asia,,People's Republic of China,41,,,,
Q4411,Battle of Valmy,1792,battle & war,battle & war,Europe,,France,40,,,,
Q25980,Gleiwitz incident,1939,battle & war,battle & war,Europe,,Poland,40,,,,
Q44732,Battle of the Golden Spurs,1302,battle & war,battle & war,Europe,,Belgium,40,,,,
Q60372,"solar eclipse of March 20, 2015",2015,science & exploration,science & exploration,Europe,,Faroe Islands,40,,,,
Q151850,February 2011 Christchurch earthquake,2011,disaster & accident,disaster & accident,Oceania,,New Zealand,40,,,,
Q156447,Treaty of Lunéville,1801,politics & diplomacy,politics & diplomacy,,,,40,region_missing,,,
Q158044,Operation Reinhard,1942,attack & violence,attack & violence,Europe,,Nazi Germany,40,,,,
Q159644,Treaty on the Final Settlement with Respect to Germany,1990,politics & diplomacy,politics & diplomacy,,,,40,region_missing,,,
Q207918,2009 L'Aquila earthquake,2009,disaster & accident,disaster & accident,Europe,,Italy,40,,,,
Q212234,Treaty of Roskilde,1658,politics & diplomacy,politics & diplomacy,,,,40,region_missing,,,
Q253774,An Lushan Rebellion,755,revolution & uprising,revolution & uprising,Asia,,Tang dynasty,40,,,,
Q269442,2010 eruptions of Eyjafjallajökull,2010,disaster & accident,disaster & accident,Europe,,Iceland,40,,,,
Q313329,Spartacist uprising,1919,revolution & uprising,revolution & uprising;society & economy,Europe,,Weimar Republic,40,,,,
Q379433,Operation Ten-Go,1945,battle & war,battle & war,Asia,,,40,region_boxed,,,
Q459282,United States invasion of Panama,1989,battle & war,battle & war,North America,,Panama,40,,,,
Q464512,Battle of Balaclava,1854,battle & war,battle & war,North America,,Russian Empire,40,,,,
Q502073,Halifax explosion,1917,disaster & accident,disaster & accident,North America,,Canada,40,,,,
Q504347,Battle of the Philippine Sea,1944,battle & war,battle & war,Asia,,,40,region_boxed,,,
Q529723,Anfal campaign,1986,battle & war,battle & war,Africa,,,40,region_boxed,,,
Q580867,Space Shuttle Columbia disaster,2003,disaster & accident,disaster & accident;science & exploration,North America,,United States,40,,,,
Q631991,Russo-Polish War,1654,battle & war,battle & war,,,,40,region_missing,,,
Q696094,Treaty of Nerchinsk,1689,politics & diplomacy,politics & diplomacy,multi,,Qing dynasty,40,,,,
Q696848,Anglo-Iraqi War,1941,battle & war,battle & war,Asia,,British India,40,,,,
Q714644,Italian invasion of Albania,1939,battle & war,battle & war,Europe,,Albania,40,,,,
Q719252,Battle of Antietam,1862,battle & war,battle & war,North America,,United States,40,,,,
Q731814,Catholic League,1609,battle & war,battle & war,Europe,,Holy Roman Empire,40,gap_review,,,
Q750567,Spring Offensive,1918,battle & war,battle & war,Europe,,Belgium,40,,,,
Q771451,Convention of Kanagawa,1864,politics & diplomacy,politics & diplomacy,,,,40,region_missing,,,
Q822472,Akō Incident,1703,politics & diplomacy,politics & diplomacy,Asia,,Japan,40,category_guess,,,
Q827436,Giselle,1926,politics & diplomacy,politics & diplomacy,,,,40,gap_review;category_guess;region_missing,,,
Q838794,jubilee,1300,politics & diplomacy,politics & diplomacy,,,,40,gap_review;category_guess;region_missing,,,
Q840847,Three Mile Island accident,1979,disaster & accident,disaster & accident,North America,,United States,40,,,,
Q842774,Polish–Ukrainian War,1918,battle & war,battle & war,,,,40,region_missing,,,
Q849286,Treaty of Bucharest,1812,politics & diplomacy,politics & diplomacy,Europe,,,40,region_boxed,,,
Q862099,1993 Russian constitutional crisis,1992,politics & diplomacy,politics & diplomacy,Europe,,Russia,40,,,,
Q945030,Coronation Street,1960,culture & religion,culture & religion;politics & diplomacy,Europe,,,40,region_boxed;entity_start,,,
Q1126268,Deir Yassin massacre,1948,attack & violence,attack & violence,Asia,,Mandatory Palestine,40,,,,
Q1164547,Khrushchev thaw,1954,politics & diplomacy,politics & diplomacy,Europe,,Soviet Union,40,category_guess,,,
Q1194400,April 9 tragedy,1989,politics & diplomacy,politics & diplomacy,Europe,,Georgia,40,category_guess,,,
Q1205521,Chinese economic reform,1978,politics & diplomacy,politics & diplomacy,Asia,,People's Republic of China,40,,,,
Q1259218,Third Battle of Panipat,1761,battle & war,battle & war,Asia,,India,40,,,,
Q1361124,The Ren & Stimpy Show,1991,culture & religion,culture & religion,,,,40,region_missing;entity_start,,,
Q1417059,First Fitna,656,battle & war,battle & war,,,,40,region_missing,,,
Q1420115,Russo-Persian War of 1826–28,1826,battle & war,battle & war,,,,40,region_missing,,,
Q1988505,Great Famine of 1315–1317,1315,disaster & accident,disaster & accident,Europe,,,40,region_boxed,,,
Q13628966,Asiana Airlines Flight 214,2013,disaster & accident,disaster & accident,North America,,United States,40,,,,
Q18145420,2014 Hong Kong protests,2014,society & economy,society & economy,Asia,,People's Republic of China,40,,,,
Q27925924,LaMia Flight 2933,2016,disaster & accident,disaster & accident,South America,,Colombia,40,,,,
Q28036166,assassination of Andrei Karlov,2016,attack & violence,attack & violence;politics & diplomacy,Asia,,Turkey,40,,,,
Q80754846,assassination of Qasem Soleimani,2020,attack & violence,attack & violence;battle & war;society & economy;politics & diplomacy,Asia,,Iraq,40,,,,
Q101003145,Aegean Sea earthquake of 2020,2020,disaster & accident,disaster & accident,Asia,,Turkey,40,,,,
Q104759345,Sriwijaya Air Flight 182,2021,disaster & accident,disaster & accident,Asia,,Indonesia,40,,,,
Q108285843,2021 Kabul airport attack,2021,attack & violence,attack & violence,Asia,,Afghanistan,40,,,,
Q134379167,2025 India–Pakistan conflict,2025,battle & war,battle & war;society & economy,Asia,,India,40,,,,
Q138507700,assassination of Ali Khamenei,2026,attack & violence,attack & violence;battle & war;society & economy;politics & diplomacy,Asia,,Iran,40,,,,
Q8414,Amundsen's South Pole expedition,1910,science & exploration,science & exploration,,,,39,region_missing,,,
Q63468,Battle of Pavia,1525,battle & war,battle & war,Europe,,Duchy of Milan,39,,,,
Q154942,Battle of Königgrätz,1866,battle & war,battle & war,Europe,,Austria–Hungary,39,,,,
Q155103,Siege of Budapest,1944,battle & war,battle & war,Europe,,Hungary,39,,,,
Q156649,Imperial German Navy,1871,politics & diplomacy,politics & diplomacy,Europe,,German Empire,39,gap_review;category_guess,,,
Q157445,Prague offensive,1945,battle & war,battle & war,,,,39,region_missing,,,
Q158322,Stern,1948,culture & religion,culture & religion,Europe,,Germany,39,gap_review;entity_start,,,
Q160011,Battle of the Falkland Islands,1914,battle & war,battle & war,South America,,Argentina,39,,,,
Q162357,Battle of Smolensk,1941,battle & war,battle & war,Europe,,Soviet Union,39,,,,
Q179275,insurgency in Khyber Pakhtunkhwa,2004,battle & war,battle & war;revolution & uprising,Asia,,Islamic Emirate of Waziristan,39,,,,
Q189079,Van earthquake of 2011,2011,disaster & accident,disaster & accident,Asia,,Armenia,39,,,,
Q202512,2012 Aurora shooting,2012,attack & violence,attack & violence,North America,,United States,39,,,,
Q207513,Domodedovo International Airport bombing,2011,attack & violence,attack & violence,Europe,,Russia,39,,,,
Q210005,2011 Yemeni revolution,2011,revolution & uprising,revolution & uprising;society & economy,,,,39,region_missing,,,
Q243721,Year of the Five Emperors,193,battle & war,battle & war,,,,39,region_missing,,,
Q257724,Ethiopian Civil War,1974,battle & war,battle & war,Africa,,Ethiopia,39,gap_review,,,
Q310218,Enabling Act of 1933,1933,politics & diplomacy,politics & diplomacy,Europe,,Nazi Germany,39,category_guess,,,
Q335330,Battle of Philippi,-42,battle & war,battle & war,Europe,,Greece,39,,,,
Q392213,Siege of Orléans,1428,battle & war,battle & war,Europe,,France,39,,,,
Q406535,Air France Flight 4590,2000,disaster & accident,disaster & accident,Europe,,France,39,,,,
Q461599,Battle of Leuctra,-371,battle & war,battle & war,Europe,,Greece,39,,,,
Q482456,Fall of Saigon,1975,battle & war,battle & war,Asia,,Vietnam,39,,,,
Q487163,Nepalese royal massacre,2001,attack & violence,attack & violence;society & economy,Asia,,Nepal,39,,,,
Q498979,Panama Canal Zone,1903,politics & diplomacy,politics & diplomacy,North America,,Panama,39,gap_review;category_guess,,,
Q570224,Ottawa Treaty,1997,politics & diplomacy,politics & diplomacy,North America,,Canada,39,,,,
Q607257,Eritrean War of Independence,1961,battle & war,battle & war;politics & diplomacy,,,,39,gap_review;region_missing,,,
Q622495,The hand of God,1986,politics & diplomacy,politics & diplomacy,North America,,Mexico,39,,,,
Q622762,N1,1960,science & exploration,science & exploration,,,,39,gap_review;region_missing,,,
Q644960,Battle of the Boyne,1690,battle & war,battle & war,Europe,,Ireland,39,,,,
Q657055,Greco-Turkish War of 1897,1897,battle & war,battle & war,,,,39,region_missing,,,
Q659166,1996 United States presidential election,1996,politics & diplomacy,politics & diplomacy,North America,,United States,39,serial_event,,,
Q697625,German invasion of Belgium,1940,battle & war,battle & war,Europe,,Belgium,39,,,,
Q705874,Battle of Mohi,1241,battle & war,battle & war,Europe,,Hungary,39,,,,
Q725043,Operation Opera,1981,battle & war,battle & war;culture & religion,Asia,,Iraq,39,,,,
Q778010,Battles of Lexington and Concord,1775,battle & war,battle & war,North America,,Thirteen Colonies,39,,,,
Q831522,First Council of Lyon,1245,culture & religion,culture & religion,,,,39,region_missing,,,
Q871366,Battle of Sluys,1340,battle & war,battle & war,Europe,,,39,region_boxed,,,
Q934470,Istanbul pogrom,1955,attack & violence,attack & violence,Asia,,Turkey,39,,,,
Q935881,Treaty of Kars,1921,politics & diplomacy,politics & diplomacy,,,,39,region_missing,,,
Q985684,Jonestown,1978,politics & diplomacy,politics & diplomacy,South America,,Guyana,39,category_guess,,,
Q1069736,Croat–Bosniak War,1992,battle & war,battle & war,Europe,,Republic of Bosnia and Herzegovina,39,,,,
Q1137957,1948 Czechoslovak coup d'état,1948,politics & diplomacy,politics & diplomacy,Europe,,Third Czechoslovak Republic,39,,,,
Q1147471,Treaty of Zaragoza,1529,politics & diplomacy,politics & diplomacy,Europe,,Portugal,39,,,,
Q1463845,410 sack of Rome,410,battle & war,battle & war;society & economy,Europe,,Western Roman Empire,39,,,,
Q2002975,Nepalese Civil War,1996,battle & war,battle & war,Asia,,Nepal,39,,,,
Q2577588,sinking of the RMS Titanic,1912,disaster & accident,disaster & accident,,,,39,region_missing,,,
Q4422669,2013 conclave,2013,culture & religion,culture & religion;politics & diplomacy,Europe,,Vatican City,39,,,,
Q17001802,Joint Comprehensive Plan of Action,2015,politics & diplomacy,politics & diplomacy,,,,39,region_missing,,,
Q28055770,2016 Russian Defence Ministry Tupolev Tu-154 crash,2016,disaster & accident,disaster & accident,Europe,,Russia,39,,,,
Q95092655,Pakistan International Airlines Flight 8303,2020,disaster & accident,disaster & accident,Asia,,Pakistan,39,,,,
Q106949910,Ryanair Flight 4978,2021,attack & violence,attack & violence,Europe,,Belarus,39,,,,
Q116142348,2023 Brazilian Congress attack,2023,battle & war,battle & war;society & economy;politics & diplomacy,South America,,Brazil,39,,,,
Q116205343,Yeti Airlines Flight 691,2023,disaster & accident,disaster & accident,Asia,,Nepal,39,,,,
Q116946502,Tempi train crash,2023,disaster & accident,disaster & accident,Europe,,Greece,39,,,,
Q136210698,assassination of Charlie Kirk,2025,attack & violence,attack & violence;politics & diplomacy,North America,,United States,39,,,,
Q136536203,2025 Louvre robbery,2025,society & economy,society & economy,Europe,,France,39,,,,
Q52226,Battle of Mogadishu,1993,battle & war,battle & war,Africa,,Somalia,38,,,,
Q54434,War of Jenkins' Ear,1739,battle & war,battle & war,,,,38,region_missing,,,
Q58473,Occupation of the Baltic states,1940,battle & war,battle & war,Europe,,Estonia,38,,,,
Q153081,Soweto uprising,1976,attack & violence,attack & violence;revolution & uprising,Africa,,South Africa,38,,,,
Q159065,Vistula–Oder Offensive,1945,battle & war,battle & war,Europe,,Poland,38,,,,
Q161141,Kapp Putsch,1920,politics & diplomacy,politics & diplomacy,Europe,,Weimar Republic,38,,,,
Q164706,The Watchtower Announcing Jehovah's Kingdom,1879,culture & religion,culture & religion,,,,38,region_missing;entity_start,,,
Q174990,Gwangju Uprising,1980,revolution & uprising,revolution & uprising;society & economy,Asia,,South Korea,38,,,,
Q232388,Dual Alliance,1879,battle & war,battle & war,Europe,,Austria,38,,,,
Q233219,Second Battle of Ypres,1915,battle & war,battle & war,Europe,,Belgium,38,,,,
Q269893,2010 Moscow Metro bombings,2010,attack & violence,attack & violence,Europe,,Russia,38,,,,
Q275837,Sports Illustrated,1954,culture & religion,culture & religion,North America,,United States,38,entity_start,,,
Q278960,Partial Nuclear Test Ban Treaty,1963,politics & diplomacy,politics & diplomacy;science & exploration,multi,,Soviet Union,38,,,,
Q334029,Battle of Bunker Hill,1775,battle & war,battle & war,North America,,Thirteen Colonies,38,,,,
Q367449,1999 İzmit earthquake,1999,disaster & accident,disaster & accident,Asia,,Turkey,38,,,,
Q368689,First Serbian Uprising,1804,revolution & uprising,revolution & uprising,Europe,,Ottoman Empire,38,,,,
Q463999,The Cosby Show,1984,culture & religion,culture & religion,,,,38,region_missing;entity_start,,,
Q482402,Gulf of Tonkin incident,1964,battle & war,battle & war,Asia,,,38,region_boxed,,,
Q494244,M*A*S*H,1972,culture & religion,culture & religion,,,,38,gap_review;region_missing;entity_start,,,
Q609836,Portuguese Colonial War,1961,battle & war,battle & war,multi,,Angola,38,,,,
Q626006,World War II in Yugoslavia,1941,battle & war,battle & war,Europe,,Yugoslavia,38,,,,
Q630259,Byzantine–Ottoman wars,1265,battle & war,battle & war,,,,38,gap_review;region_missing,,,
Q638903,5 October 1910 revolution,1910,politics & diplomacy,politics & diplomacy;revolution & uprising,Europe,,Portugal,38,,,,
Q645986,National Reorganization Process,1976,attack & violence,attack & violence;politics & diplomacy,South America,,Argentina,38,,,,
Q665554,Japanese Instrument of Surrender,1945,politics & diplomacy,politics & diplomacy,Asia,,,38,region_boxed,,,
Q687214,Formula Two,1967,culture & religion,culture & religion,,,,38,region_missing,,,
Q696187,1992 Los Angeles riots,1992,society & economy,society & economy,North America,,United States,38,,,,
Q719592,local council of Malta,1993,culture & religion,culture & religion,Europe,,Malta,38,,,,
Q733364,Battle of Megiddo,-1457,battle & war,battle & war,Africa,,,38,region_boxed,,,
Q737967,1972 Andes flight disaster,1972,disaster & accident,disaster & accident,South America,,Argentina,38,,,,
Q745979,Battle of Chancellorsville,1863,battle & war,battle & war,North America,,United States,38,,,,
Q753646,Exposition Universelle of 1900,1900,culture & religion,culture & religion,Europe,,France,38,,,,
Q754483,Uruguay v Brazil 1950,1950,culture & religion,culture & religion,South America,,Brazil,38,serial_event,,,
Q769377,Operation Storm,1995,battle & war,battle & war;disaster & accident,Europe,,Bosnia and Herzegovina,38,,,,
Q795269,Sierra Leone Civil War,1991,battle & war,battle & war,Africa,,Sierra Leone,38,gap_review,,,
Q827212,Gadsden Purchase,1853,politics & diplomacy,politics & diplomacy,North America,,Mexico,38,,,,
Q847287,Battle of Montgisard,1177,battle & war,battle & war,Asia,,Palestine,38,,,,
Q849759,Punch,1841,politics & diplomacy,politics & diplomacy,Europe,,United Kingdom,38,gap_review;category_guess,,,
Q866680,President of Vietnam,1976,politics & diplomacy,politics & diplomacy,Asia,,Vietnam,38,gap_review;category_guess,,,
Q869500,Montreux Convention,1936,politics & diplomacy,politics & diplomacy,Asia,,Turkey,38,,,,
Q876357,Peterloo Massacre,1819,attack & violence,attack & violence,Europe,,United Kingdom of Great Britain and Ireland,38,,,,
Q916495,Second Anglo-Dutch War,1665,battle & war,battle & war,,,,38,region_missing,,,
Q920894,First Italian War of Independence,1848,battle & war,battle & war;politics & diplomacy,,,,38,region_missing,,,
Q957586,Turkish–Armenian War,1920,battle & war,battle & war,,,,38,region_missing,,,
Q1044829,Polish–Muscovite War,1605,battle & war,battle & war,Europe,,Poland,38,,,,
Q1073476,Northern Expedition,1926,battle & war,battle & war;science & exploration,,,,38,region_missing,,,
Q1128871,March on Washington for Jobs and Freedom,1963,society & economy,society & economy,North America,,United States,38,,,,
Q1130507,Hundred Days Offensive,1918,battle & war,battle & war,Europe,,France,38,,,,
Q1259237,Third Anglo-Afghan War,1919,battle & war,battle & war,Asia,,British India,38,,,,
Q1514908,Cuban War of Independence,1895,battle & war,battle & war;politics & diplomacy,,,,38,region_missing,,,
Q1616064,Mithridatic Wars,-88,battle & war,battle & war,Europe,,,38,gap_review;region_boxed,,,
Q1750892,Siege of Constantinople,1204,battle & war,battle & war,multi,,Byzantine Empire,38,,,,
Q1824714,Tulsa Race Massacre,1921,attack & violence,attack & violence;society & economy,North America,,United States,38,,,,
Q2479606,Ukrainian War of Independence,1917,battle & war,battle & war;politics & diplomacy,,,,38,region_missing,,,
Q13605743,2013 Egyptian coup d'état,2013,politics & diplomacy,politics & diplomacy,Africa,,Egypt,38,,,,
Q16911838,Libyan Civil War,2014,battle & war,battle & war,Africa,,Libya,38,,,,
Q17507684,War against the Islamic State,2014,battle & war,battle & war,,,,38,region_missing,,,
Q65640303,Kyoto Animation arson attack,2019,attack & violence,attack & violence;disaster & accident,Asia,,Japan,38,,,,
Q69163529,fall of the Berlin Wall,1989,politics & diplomacy,politics & diplomacy,Europe,,German Democratic Republic,38,category_guess,,,
Q86597695,COVID-19 pandemic in Brazil,2020,disaster & accident,disaster & accident,South America,,Brazil,38,,,,
Q108091634,2021 Haiti earthquake,2021,disaster & accident,disaster & accident,North America,,Haiti,38,,,,
Q110613097,Myanmar Civil War,2021,battle & war,battle & war,Asia,,Myanmar,38,,,,
Q123952055,2023 Prague shooting,2023,attack & violence,attack & violence;society & economy,Europe,,Czech Republic,38,,,,
Q124098799,2024 Kerman bombings,2024,attack & violence,attack & violence,Asia,,Iran,38,,,,
Q125627220,2026 Hungarian parliamentary election,2026,politics & diplomacy,politics & diplomacy,Europe,,Hungary,38,serial_event,,,
Q17335,Treaty of Oliva,1660,politics & diplomacy,politics & diplomacy,,,,37,region_missing,,,
Q25857,War of Devolution,1667,battle & war,battle & war,Europe,,Spain,37,,,,
Q31631,1936 Soviet Constitution,1936,politics & diplomacy,politics & diplomacy,Europe,,Soviet Union,37,,,,
Q75665,Second Macedonian War,-200,battle & war,battle & war,,,,37,region_missing,,,
Q75844,Zanzibar Revolution,1964,revolution & uprising,revolution & uprising,Africa,,Zanzibar Islands,37,,,,
Q123210,Seventh Russo-Turkish War,1787,battle & war,battle & war,Europe,,Ottoman Empire,37,,,,
Q167259,Battle of Lützen,1632,battle & war,battle & war,Europe,,Germany,37,,,,
Q167396,Balkan Pact,1934,politics & diplomacy,politics & diplomacy,,,,37,region_missing,,,
Q167455,First Moroccan Crisis,1905,politics & diplomacy,politics & diplomacy,Africa,,Morocco,37,,,,
Q202465,Uganda–Tanzania War,1978,battle & war,battle & war,,,,37,region_missing,,,
Q221469,First Battle of Bull Run,1861,battle & war,battle & war,North America,,United States,37,,,,
Q306123,Austrian Civil War,1934,battle & war,battle & war,,,,37,region_missing,,,
Q327035,Battle of Gazala,1942,battle & war,battle & war,Africa,,Libya,37,,,,
Q370524,DeLorean DMC-12,1981,politics & diplomacy,politics & diplomacy,,,,37,category_guess;region_missing,,,
Q376921,Dagen H,1967,politics & diplomacy,politics & diplomacy,Europe,,Sweden,37,category_guess,,,
Q465627,"Sack of Rome, 1527",1527,battle & war,battle & war,Europe,,Italy,37,,,,
Q533034,Battle of Westerplatte,1939,battle & war,battle & war,Europe,,Poland,37,,,,
Q579179,Halabja massacre,1988,attack & violence,attack & violence;battle & war,Asia,,Ba'athist Iraq,37,,,,
Q585295,1998 FIFA World Cup Final,1998,culture & religion,culture & religion,Europe,,France,37,serial_event,,,
Q600836,Jokela school shooting,2007,attack & violence,attack & violence,Europe,,Finland,37,,,,
Q604938,Convention of Peking,1860,politics & diplomacy,politics & diplomacy,multi,,Qing dynasty,37,,,,
Q623164,Five Days of Milan,1848,revolution & uprising,revolution & uprising,Europe,,Italy,37,,,,
Q623994,Strategic Arms Limitation Talks,1979,politics & diplomacy,politics & diplomacy,Europe,,Austria,37,,,,
Q654363,deportation of the Chechens and Ingush,1944,society & economy,society & economy,Europe,,Chechnya,37,,,,
Q662051,solar storm of 1859,1859,disaster & accident,disaster & accident,,,,37,region_missing,,,
Q699776,1992 United States presidential election,1992,politics & diplomacy,politics & diplomacy,North America,,United States,37,serial_event,,,
Q706183,Sino-French War,1884,battle & war,battle & war,,,,37,region_missing,,,
Q737542,Genpei War,1180,battle & war,battle & war,Asia,,Japan,37,,,,
Q741098,Siege of Antioch,1097,battle & war,battle & war,Asia,,Turkey,37,,,,
Q761887,death of Michael Jackson,2009,society & economy,society & economy,North America,,United States,37,,,,
Q766437,Rif War,1911,battle & war,battle & war,Africa,,French protectorate in Morocco,37,,,,
Q829839,Grand Mosque Seizure,1979,attack & violence,attack & violence;battle & war;culture & religion,Asia,,Saudi Arabia,37,,,,
Q833096,1999 champions league final,1999,politics & diplomacy,politics & diplomacy,Europe,,Spain,37,category_guess,,,
Q842380,Second Sudanese Civil War,1983,battle & war,battle & war,,,,37,region_missing,,,
Q853976,First Battle of Ypres,1914,battle & war,battle & war,Europe,,Belgium,37,,,,
Q868261,Black Monday,1987,society & economy,society & economy;disaster & accident,,,,37,region_missing,,,
Q874209,Spanish transition to democracy,1975,politics & diplomacy,politics & diplomacy,Europe,,Spain,37,category_guess,,,
Q932701,Summer of Love,1967,politics & diplomacy,politics & diplomacy,North America,,United States,37,category_guess,,,
Q937255,Polish-Lithuanian-Teutonic War,1409,battle & war,battle & war,,,,37,region_missing,,,
Q939570,Battle of Maritsa,1371,battle & war,battle & war,Europe,,Greece,37,,,,
Q957317,Exposition Universelle of 1889,1889,culture & religion,culture & religion,Europe,,France,37,,,,
Q973919,Terra Nova Expedition,1910,science & exploration,science & exploration,,,,37,region_missing,,,
Q1031430,Habsburg Netherlands,1482,politics & diplomacy,politics & diplomacy,Europe,,Habsburg Netherlands,37,gap_review;category_guess,,,
Q1139887,Russo-Persian War of 1804–13,1804,battle & war,battle & war,,,,37,region_missing,,,
Q1209169,War in Abkhazia,1992,battle & war,battle & war,Asia,,,37,region_boxed,,,
Q1274389,People Power Revolution,1986,revolution & uprising,revolution & uprising,Asia,,Philippines,37,,,,
Q1282732,Guatemalan Civil War,1965,battle & war,battle & war,North America,,Guatemala,37,gap_review,,,
Q1551794,Japanese invasion of Manchuria,1931,battle & war,battle & war,,,,37,region_missing,,,
Q1766751,Constellation program,2005,science & exploration,science & exploration,North America,,United States,37,,,,
Q1780216,Angolan War of Independence,1961,battle & war,battle & war;politics & diplomacy,Africa,,Angola,37,,,,
Q1784968,assassination of Benazir Bhutto,2007,attack & violence,attack & violence;politics & diplomacy,Asia,,Pakistan,37,,,,
Q2326099,Byzantine–Sassanid War of 602–628,602,battle & war,battle & war,,,,37,region_missing,,,
Q20816071,2015 Tianjin explosions,2015,disaster & accident,disaster & accident,Asia,,People's Republic of China,37,,,,
Q21083277,2015 Ankara bombings,2015,attack & violence,attack & violence,Asia,,Turkey,37,,,,
Q23825118,2016 Kumamoto earthquakes,2016,disaster & accident,disaster & accident,Asia,,Japan,37,,,,
Q27429856,Battle of Mosul,2016,battle & war,battle & war,Asia,,Iraq,37,,,,
Q29197866,2017 Shayrat missile strike,2017,battle & war,battle & war;society & economy,Asia,,Syria,37,,,,
Q47465940,Turkish military operation in Afrin,2018,battle & war,battle & war,Asia,,Syria,37,,,,
Q98129149,Air India Express Flight 1344,2020,disaster & accident,disaster & accident,Asia,,India,37,,,,
Q101095813,2020 Vienna attacks,2020,attack & violence,attack & violence,Europe,,Austria,37,,,,
Q101429497,2020 Nagorno-Karabakh ceasefire agreement,2020,politics & diplomacy,politics & diplomacy,multi,,Armenia,37,,,,
Q111313251,China Eastern Airlines Flight 5735,2022,disaster & accident,disaster & accident,Asia,,People's Republic of China,37,,,,
Q122975233,Re'im music festival massacre,2023,attack & violence,attack & violence;culture & religion;society & economy,Asia,,Israel,37,,,,
Q11240,1993 World Trade Center bombing,1993,attack & violence,attack & violence,North America,,United States,36,,,,
Q18173,Japan Air Lines Flight 123,1985,disaster & accident,disaster & accident,Asia,,Japan,36,,,,
Q22949,Atlas,1957,science & exploration,science & exploration,,,,36,region_missing,,,
Q40625,occupation of the Ruhr,1923,battle & war,battle & war,Europe,,Weimar Republic,36,,,,
Q46057,1936–1939 Arab revolt in Palestine,1936,revolution & uprising,revolution & uprising,Asia,,Mandatory Palestine,36,,,,
Q54431,2008 Brazilian Grand Prix,2008,culture & religion,culture & religion,South America,,Brazil,36,serial_event,,,
Q63843,1930 FIFA World Cup Final,1930,culture & religion,culture & religion,South America,,Uruguay,36,serial_event,,,
Q86584,2002 Bali bombings,2002,attack & violence,attack & violence,Asia,,Indonesia,36,,,,
Q122442,Treaty of Jassy,1792,politics & diplomacy,politics & diplomacy,Europe,,Ottoman Empire,36,,,,
Q142529,Algerian Civil War,1992,attack & violence,attack & violence;battle & war,Africa,,Algeria,36,,,,
Q158287,Case Blue,1942,battle & war,battle & war,Europe,,Russia,36,,,,
Q160205,Treaty of Meerssen,870,politics & diplomacy,politics & diplomacy,Europe,,Lotharingia,36,,,,
Q160774,Operation Deliberate Force,1995,battle & war,battle & war,,,,36,region_missing,,,
Q181943,I Love Lucy,1951,culture & religion,culture & religion,,,,36,region_missing;entity_start,,,
Q205512,2010 Gaza flotilla raid,2010,politics & diplomacy,politics & diplomacy;battle & war,Asia,,Israel,36,,,,
Q210981,2007 Peru earthquake,2007,disaster & accident,disaster & accident,South America,,Peru,36,,,,
Q242864,2011 Bahraini uprising,2011,revolution & uprising,revolution & uprising;society & economy,Africa,,,36,region_boxed,,,
Q250309,Battle of Tarawa,1943,battle & war,battle & war,Asia,,,36,region_boxed,,,
Q250439,Adam Air Flight 574,2007,disaster & accident,disaster & accident,Asia,,Indonesia,36,,,,
Q250652,Battle of Sarikamish,1914,battle & war,battle & war,Asia,,Turkey,36,,,,
Q254599,Battle of Shanghai,1937,battle & war,battle & war,Asia,,Taiwan,36,,,,
Q274811,Élysée Treaty,1963,politics & diplomacy,politics & diplomacy,Europe,,France,36,,,,
Q285406,World's Columbian Exposition,1893,culture & religion,culture & religion,North America,,United States,36,,,,
Q325985,Siege of Acre,1291,battle & war,battle & war,Asia,,Kingdom of Jerusalem,36,,,,
Q371573,Philippines campaign of 1944–1945,1944,battle & war,battle & war,Asia,,Japanese occupation of the Philippines,36,,,,
Q374696,defenestrations of Prague,1618,society & economy,society & economy,Europe,,Czech Republic,36,,,,
Q430726,Anglo-Spanish War,1585,battle & war,battle & war,,,,36,gap_review;region_missing,,,
Q517486,Battle of Zenta,1697,battle & war,battle & war,Europe,,Kingdom of Hungary,36,,,,
Q521306,Comprehensive Nuclear-Test-Ban Treaty,1996,politics & diplomacy,politics & diplomacy,,,,36,region_missing,,,
Q543255,Battle of Taranto,1940,battle & war,battle & war,Europe,,Italy,36,,,,
Q578179,1963 Skopje earthquake,1963,disaster & accident,disaster & accident,Europe,,Socialist Federal Republic of Yugoslavia,36,,,,
Q582584,First Anglo-Sikh War,1845,battle & war,battle & war,Asia,,British India,36,,,,
Q609030,Battle of Peleliu,1944,battle & war,battle & war,Oceania,,Palau,36,,,,
Q631163,Deluge,1655,battle & war,battle & war,,,,36,region_missing,,,
Q642342,Scopes Trial,1925,society & economy,society & economy,North America,,United States,36,,,,
Q643015,1988 United States presidential election,1988,politics & diplomacy,politics & diplomacy,North America,,United States,36,serial_event,,,
Q696462,Philippines Campaign,1941,battle & war,battle & war,Asia,,Commonwealth of the Philippines,36,,,,
Q696664,Malayan campaign,1941,battle & war,battle & war,Asia,,British India,36,,,,
Q696802,Paris Peace Accords,1973,politics & diplomacy,politics & diplomacy,Europe,,France,36,,,,
Q696844,Battle of Anzio,1944,battle & war,battle & war,Europe,,Italy,36,,,,
Q714081,Einstein–Szilárd letter,1939,politics & diplomacy,politics & diplomacy,,,,36,category_guess;region_missing,,,
Q722791,Voskhod 2,1965,science & exploration,science & exploration,,,,36,region_missing,,,
Q730878,Hama Massacre,1982,attack & violence,attack & violence,Asia,,Syria,36,,,,
Q751782,2010 UEFA Champions League Final,2010,politics & diplomacy,politics & diplomacy,Europe,,Spain,36,category_guess,,,
Q767935,Siege of Rhodes,1522,battle & war,battle & war,Europe,,Greece,36,,,,
Q827472,Battle of Ascalon,1099,battle & war,battle & war,Africa,,Fatimid Caliphate,36,,,,
Q836944,Battle of the Frigidus,394,battle & war,battle & war,Europe,,Ancient Rome,36,,,,
Q838526,Digest,533,politics & diplomacy,politics & diplomacy,,,,36,category_guess;region_missing,,,
Q841278,Battle of San Jacinto,1836,battle & war,battle & war,North America,,United States,36,,,,
Q846674,Battles of Saratoga,1777,battle & war,battle & war,North America,,United States,36,,,,
Q933963,Marcomannic Wars,166,battle & war,battle & war,,,,36,region_missing,,,
Q940026,Battle of Arsuf,1191,battle & war,battle & war,Africa,,Ayyubid Sultanate,36,,,,
Q1054975,Battle of Preveza,1538,battle & war,battle & war,Europe,,Greece,36,,,,
Q1131784,Montenegrin independence referendum,2006,politics & diplomacy,politics & diplomacy,Europe,,Serbia and Montenegro,36,,,,
Q1132835,1946 Iran crisis,1945,battle & war,battle & war;politics & diplomacy,Asia,,Pahlavi Iran,36,,,,
Q1151913,First Anglo-Dutch War,1652,battle & war,battle & war,,,,36,region_missing,,,
Q1245004,Costa Concordia disaster,2012,disaster & accident,disaster & accident,Europe,,Italy,36,,,,
Q1348910,1908 Messina earthquake,1908,disaster & accident,disaster & accident,Europe,,Italy,36,,,,
Q1463516,Nicaraguan Revolution,1961,revolution & uprising,revolution & uprising,North America,,Nicaragua,36,gap_review,,,
Q2002270,Mozambican War of Independence,1964,battle & war,battle & war;politics & diplomacy,Africa,,Mozambique,36,,,,
Q2411998,eruption of Mount Vesuvius in 79,79,disaster & accident,disaster & accident,Europe,,Roman Empire,36,gap_review,,,
Q2748708,German military administration in occupied France during World War II,1940,battle & war,battle & war,Europe,,France,36,,,,
Q3927614,Nazi book burnings,1933,politics & diplomacy,politics & diplomacy,Europe,,Austria,36,category_guess,,,
Q11838739,2013 Savar building collapse,2013,disaster & accident,disaster & accident,Asia,,Bangladesh,36,,,,
Q15871713,2014 pro-Russian unrest in Ukraine,2014,battle & war,battle & war;revolution & uprising;society & economy,Europe,,Ukraine,36,,,,
Q23638613,2016 Lahore suicide bombing,2016,attack & violence,attack & violence,Asia,,Pakistan,36,,,,
Q43041167,2017 Iran–Iraq earthquake,2017,disaster & accident,disaster & accident,Asia,,Iran,36,,,,
Q122053772,2023 Gabon coup d'état,2023,politics & diplomacy,politics & diplomacy;battle & war,Africa,,Gabon,36,,,,
Q12428,Battle of Dorylaeum,1097,battle & war,battle & war,Asia,,Sultanate of Rum,35,,,,
Q41894,Battle of New Orleans,1815,battle & war,battle & war,North America,,United States,35,,,,
Q155995,Operation Spring Awakening,1945,battle & war,battle & war,Europe,,Kingdom of Hungary,35,,,,
Q160056,Pan-European Picnic,1989,society & economy,society & economy,Europe,,Austria,35,,,,
Q160721,Nuremberg Medical Trial,1946,society & economy,society & economy;battle & war,Europe,,Germany,35,,,,
Q162546,Vienna offensive,1945,battle & war,battle & war,,,,35,region_missing,,,
Q163573,Algeciras Conference,1906,politics & diplomacy,politics & diplomacy,Europe,,Spain,35,,,,
Q168268,Peace of Prague,1866,politics & diplomacy,politics & diplomacy,,,,35,region_missing,,,
Q196502,Armistice of Cassibile,1943,politics & diplomacy,politics & diplomacy,Europe,,,35,region_boxed,,,
Q228284,Expedition of the Thousand,1860,battle & war,battle & war;science & exploration,,,,35,region_missing,,,
Q243987,Bombardment of Yeonpyeong,2010,battle & war,battle & war,Asia,,,35,region_boxed,,,
Q244939,228 Incident,1947,attack & violence,attack & violence;revolution & uprising;society & economy,Asia,,Republic of China,35,,,,
Q247253,Battle of Khe Sanh,1968,battle & war,battle & war,Asia,,South Korea,35,,,,
Q249367,Montgomery bus boycott,1955,battle & war,battle & war;society & economy,North America,,United States,35,,,,
Q315921,Thirteen Years' War,1454,battle & war,battle & war,,,,35,region_missing,,,
Q327099,Battle of Kasserine Passe,1943,battle & war,battle & war,Africa,,,35,region_boxed,,,
Q386799,Ajka alumina plant accident,2010,disaster & accident,disaster & accident,Europe,,Hungary,35,,,,
Q389104,1994 FIFA World Cup Final,1994,culture & religion,culture & religion,North America,,United States,35,serial_event,,,
Q426722,Rwandan Civil War,1990,battle & war,battle & war,Africa,,Rwanda,35,,,,
Q462716,Turkish Airlines Flight 981,1974,disaster & accident,disaster & accident,Europe,,France,35,,,,
Q495558,Japan–Korea Treaty of 1910,1910,politics & diplomacy,politics & diplomacy,Asia,,Empire of Japan,35,,,,
Q504739,Battle of Pydna,-168,battle & war,battle & war,Europe,,Greece,35,,,,
Q620854,Treaty of Tartu,1920,politics & diplomacy,politics & diplomacy,Europe,,Russian Socialist Federative Soviet Republic,35,,,,
Q642117,Siege of Nicaea,1097,battle & war,battle & war,Asia,,Turkey,35,,,,
Q657631,Blood in the Water match,1956,politics & diplomacy,politics & diplomacy,Oceania,,Australia,35,category_guess,,,
Q690361,Long War,1593,battle & war,battle & war,,,,35,region_missing,,,
Q690470,Battle of Mohács,1687,battle & war,battle & war,Europe,,Hungary,35,,,,
Q690989,Treaty of Fontainebleau,1814,politics & diplomacy,politics & diplomacy,Europe,,France,35,,,,
Q693742,1968 United States presidential election,1968,politics & diplomacy,politics & diplomacy,North America,,United States,35,serial_event,,,
Q696256,Soviet–Japanese Neutrality Pact,1941,politics & diplomacy,politics & diplomacy,multi,,Empire of Japan,35,,,,
Q698706,Battle of Kosovo,1448,battle & war,battle & war,Europe,,Serbia,35,,,,
Q699590,1960 United States presidential election,1960,politics & diplomacy,politics & diplomacy,North America,,United States,35,serial_event,,,
Q699716,1980 United States presidential election,1980,politics & diplomacy,politics & diplomacy,North America,,United States,35,serial_event,,,
Q723608,Trajan's Dacian Wars,101,battle & war,battle & war,,,,35,gap_review;region_missing,,,
Q740791,Serbo-Bulgarian War,1885,battle & war,battle & war,,,,35,region_missing,,,
Q767221,CTV Television Network,1961,politics & diplomacy,politics & diplomacy,North America,,Canada,35,category_guess,,,
Q845737,Treaty of Brussels,1948,politics & diplomacy,politics & diplomacy,Europe,,Belgium,35,,,,
Q846708,Pruth River Campaign,1710,battle & war,battle & war,,,,35,region_missing,,,
Q852365,Tunisia campaign,1942,battle & war,battle & war,Africa,,Tunisia,35,,,,
Q862586,September Massacres,1792,attack & violence,attack & violence,Europe,,Kingdom of France,35,,,,
Q865870,TAM Airlines Flight 3054,2007,disaster & accident,disaster & accident,South America,,Brazil,35,,,,
Q917629,World Chess Championship 2013,2013,culture & religion,culture & religion,Asia,,India,35,entity_start,,,
Q952881,Second French intervention in Mexico,1861,politics & diplomacy,politics & diplomacy,North America,,Mexico,35,category_guess,,,
Q1123353,Battle of Rorke's Drift,1879,battle & war,battle & war,Africa,,Zulu Kingdom,35,,,,
Q1151917,Women's March on Versailles,1789,society & economy,society & economy,Europe,,France,35,,,,
Q1164263,Saint Valentine's Day Massacre,1929,attack & violence,attack & violence,North America,,United States,35,,,,
Q1192212,Emancipation reform of 1861,1861,politics & diplomacy,politics & diplomacy,North America,,Russian Empire,35,,,,
Q1233475,Battle of Roncevaux Pass,778,battle & war,battle & war,Europe,,,35,region_boxed,,,
Q1262377,Macedonian Front,1915,battle & war,battle & war,,,,35,region_missing,,,
Q1344973,dekulakization,1929,attack & violence,attack & violence;society & economy,,,,35,region_missing,,,
Q1365425,San Remo conference,1920,politics & diplomacy,politics & diplomacy,Europe,,Italy,35,,,,
Q1414593,Patient Protection and Affordable Care Act,2010,politics & diplomacy,politics & diplomacy,North America,,United States,35,,,,
Q1437630,"solar eclipse of August 21, 2017",2017,science & exploration,science & exploration,North America,,United States,35,,,,
Q1540695,January Events,1991,society & economy,society & economy,Europe,,Lithuania,35,,,,
Q1775296,Space Shuttle program,1972,science & exploration,science & exploration,North America,,United States,35,gap_review,,,
Q1983034,Second Continental Congress,1775,politics & diplomacy,politics & diplomacy,North America,,United States,35,,,,
Q1987713,Operation Blue Star,1984,battle & war,battle & war,Asia,,India,35,,,,
Q1992677,Quit India Movement,1942,politics & diplomacy,politics & diplomacy,Asia,,British India,35,,,,
Q2006877,Georgian era,1714,politics & diplomacy,politics & diplomacy,Europe,,United Kingdom,35,category_guess,,,
Q2354629,Malayan Emergency,1948,battle & war,battle & war,Asia,,Malaysia,35,,,,
Q2444955,Rhodesian Bush War,1964,battle & war,battle & war,,,,35,gap_review;region_missing,,,
Q2620078,"solar eclipse of April 8, 2024",2024,science & exploration,science & exploration,North America,,Canada,35,,,,
Q17404012,TransAsia Airways Flight 222,2014,disaster & accident,disaster & accident,Asia,,Taiwan,35,,,,
Q18124960,2023 Rugby World Cup,2023,culture & religion,culture & religion,,,,35,region_missing;serial_event,,,
Q21175521,Hurricane Patricia,2015,disaster & accident,disaster & accident,North America,,Mexico,35,,,,
Q23835355,2016 Ecuador earthquake,2016,disaster & accident,disaster & accident,South America,,Ecuador,35,,,,
Q38982786,2017 Oaxaca and Chiapas Earthquake,2017,disaster & accident,disaster & accident,North America,,Mexico,35,,,,
Q48425813,Saratov Airlines Flight 703,2018,disaster & accident,disaster & accident,Europe,,Russia,35,,,,
Q56768333,2018 Sulawesi earthquake and tsunami,2018,disaster & accident,disaster & accident,Asia,,Indonesia,35,,,,
Q57912689,Lion Air Flight 610 Crash,2018,disaster & accident,disaster & accident,Asia,,Indonesia,35,,,,
Q60042839,2018 Sunda Strait tsunami,2018,disaster & accident,disaster & accident,Asia,,Indonesia,35,,,,
Q104535090,2020 Petrinja earthquake,2020,disaster & accident,disaster & accident,Europe,,Croatia,35,,,,
Q111014904,Battle of Kherson,2022,battle & war,battle & war,Europe,,Ukraine,35,,,,
Q119123254,destruction of the Kakhovka Dam,2023,battle & war,battle & war;disaster & accident,Europe,,Ukraine,35,,,,
Q132132116,2025 Risbergska school shooting,2025,attack & violence,attack & violence;disaster & accident;society & economy,Europe,,Sweden,35,,,,
Q2305,Franklin's lost expedition,1845,science & exploration,science & exploration,North America,,Canada,34,,,,
Q18937,Mesopotamian campaign,1914,battle & war,battle & war,Asia,,British India,34,,,,
Q26195,"German–Soviet Treaty of Friendship, Cooperation and Demarcation",1939,politics & diplomacy,politics & diplomacy,Europe,,Germany,34,,,,
Q40144,Battle of Coronel,1914,battle & war,battle & war,South America,,,34,region_boxed,,,
Q44700,European Theater of World War II,1939,battle & war,battle & war,,,,34,region_missing,,,
Q51651,Rhineland massacres,1096,attack & violence,attack & violence,Europe,,Holy Roman Empire,34,,,,
Q52967,Poznań 1956 protests,1956,society & economy,society & economy,Europe,,Poland,34,,,,
Q59886,Bombing of Tokyo,1940,battle & war,battle & war,Asia,,Empire of Japan,34,,,,
Q60963,Red Army invasion of Georgia,1921,battle & war,battle & war,,,,34,region_missing,,,
Q126413,German–Polish declaration of non-aggression,1934,politics & diplomacy,politics & diplomacy,,,,34,region_missing,,,
Q135475,"don't ask, don't tell",1993,politics & diplomacy,politics & diplomacy,North America,,United States,34,gap_review;category_guess,,,
Q157548,War of the Bavarian Succession,1778,battle & war,battle & war,,,,34,region_missing,,,
Q158054,Battle of Lissa,1866,battle & war,battle & war,Europe,,Italy,34,,,,
Q159072,Battle of Ulm,1805,battle & war,battle & war,Europe,,Germany,34,,,,
Q164393,Treaty of Ryswick,1697,politics & diplomacy,politics & diplomacy,,,,34,region_missing,,,
Q166001,Scanian War,1675,battle & war,battle & war,,,,34,region_missing,,,
Q173161,2005 United States Grand Prix,2005,culture & religion,culture & religion,North America,,United States,34,serial_event,,,
Q196409,Livonian Crusade,1198,battle & war,battle & war,,,,34,gap_review;region_missing,,,
Q205379,Battle of Breitenfeld,1631,battle & war,battle & war,Europe,,Germany,34,,,,
Q233414,Battle of Panipat,1556,battle & war,battle & war,Asia,,India,34,,,,
Q243618,Second Vienna Award,1940,politics & diplomacy,politics & diplomacy;culture & religion,,,,34,region_missing,,,
Q279662,Cristero War,1926,revolution & uprising,revolution & uprising;battle & war,,,,34,region_missing,,,
Q406588,Air India Flight 182,1985,attack & violence,attack & violence,Europe,,,34,region_boxed,,,
Q483039,Battle of Inchon,1950,battle & war,battle & war,Asia,,First Republic of South Korea,34,,,,
Q504934,North Sea flood of 1953,1953,disaster & accident,disaster & accident,Europe,,Belgium,34,,,,
Q508258,1959 Tibetan uprising,1959,revolution & uprising,revolution & uprising,,,,34,region_missing,,,
Q521199,North Yemen civil war,1962,battle & war,battle & war,Asia,,Kingdom of Yemen,34,,,,
Q543076,Council of Vienne,1311,culture & religion,culture & religion,Europe,,Dauphiné,34,,,,
Q549544,Beatlemania,1960,politics & diplomacy,politics & diplomacy,,,,34,category_guess;region_missing,,,
Q555797,Bataan Death March,1942,politics & diplomacy,politics & diplomacy,Asia,,Japanese occupation of the Philippines,34,category_guess,,,
Q569287,Bologna massacre,1980,attack & violence,attack & violence,Europe,,Italy,34,,,,
Q569545,Operation Crossroads,1946,science & exploration,science & exploration,North America,,United States,34,,,,
Q584047,Battle of Kleidion,1014,battle & war,battle & war,Europe,,,34,region_boxed,,,
Q606621,Siege of Szigetvár,1566,battle & war,battle & war,Europe,,Hungary,34,,,,
Q681712,Battle of Gangut,1714,battle & war,battle & war,Europe,,,34,region_boxed,,,
Q685746,Port Said Stadium riot,2012,disaster & accident,disaster & accident;society & economy,Africa,,Egypt,34,,,,
Q696550,Washington Naval Treaty,1921,politics & diplomacy,politics & diplomacy;battle & war,,,,34,region_missing,,,
Q714349,Rotterdam Blitz,1940,battle & war,battle & war,Europe,,Netherlands,34,,,,
Q727536,Sinai and Palestine Campaign,1915,battle & war,battle & war,,,,34,region_missing,,,
Q728480,Battle of Rocroi,1643,battle & war,battle & war,Europe,,France,34,,,,
Q751186,Battle of Fredericksburg,1862,battle & war,battle & war,North America,,United States,34,,,,
Q755966,Battle of Nineveh,627,battle & war,battle & war,Asia,,Iraq,34,,,,
Q811250,Tambov Rebellion,1920,revolution & uprising,revolution & uprising,Asia,,,34,region_boxed,,,
Q815116,Siege of Acre,1189,battle & war,battle & war,Africa,,Ayyubid Sultanate,34,,,,
Q823433,Oregon Treaty,1846,politics & diplomacy,politics & diplomacy,North America,,United States,34,,,,
Q843962,Saffron Revolution,2007,society & economy,society & economy;revolution & uprising,Asia,,Myanmar,34,,,,
Q858415,1978 FIFA World Cup Final,1978,culture & religion,culture & religion,South America,,Argentina,34,serial_event,,,
Q862054,1972 Nixon visit to China,1972,politics & diplomacy,politics & diplomacy,Asia,,People's Republic of China,34,category_guess,,,
Q862187,Bonanza,1959,culture & religion,culture & religion,,,,34,region_missing;entity_start,,,
Q862751,Battle of Long Island,1776,battle & war,battle & war,North America,,United States,34,,,,
Q876417,Second Battle of the Marne,1918,battle & war,battle & war,Europe,,France,34,,,,
Q926594,Ukrainian independence referendum,1991,politics & diplomacy,politics & diplomacy,Europe,,Soviet Union,34,,,,
Q927262,1956 European Cup Final,1956,politics & diplomacy,politics & diplomacy,Europe,,Spain,34,category_guess;serial_event,,,
Q928848,Treaty of Stolbovo,1617,politics & diplomacy,politics & diplomacy,,,,34,region_missing,,,
Q944941,Irish Rebellion of 1798,1798,revolution & uprising,revolution & uprising,,,,34,region_missing,,,
Q975593,British Antarctic Expedition (1907–1909),1907,science & exploration,science & exploration,,,,34,region_missing,,,
Q1031706,Discovery Expedition (1901-1904),1901,science & exploration,science & exploration,,,,34,region_missing,,,
Q1129412,Egypt–Israel Peace Treaty,1979,politics & diplomacy,politics & diplomacy,multi,,Egypt,34,,,,
Q1136575,Vandalic War,533,battle & war,battle & war,,,,34,region_missing,,,
Q1154330,10 August insurrection,1792,society & economy,society & economy;revolution & uprising,Europe,,France,34,,,,
Q1338655,The Tonight Show,1954,culture & religion,culture & religion,,,,34,gap_review;region_missing;entity_start,,,
Q1354172,McMahon Line,1914,politics & diplomacy,politics & diplomacy,Asia,,British Raj,34,gap_review;category_guess,,,
Q1455240,Peace of Prague,1635,politics & diplomacy,politics & diplomacy,,,,34,region_missing,,,
Q1463941,Estates General of 1789,1789,politics & diplomacy,politics & diplomacy,Europe,,Kingdom of France,34,,,,
Q1504861,United Nations Conference on International Organization,1945,politics & diplomacy,politics & diplomacy,North America,,United States,34,,,,
Q1509619,Battle of Bapheus,1302,battle & war,battle & war,Asia,,Turkey,34,,,,
Q1552718,Granada War,1492,battle & war,battle & war,Europe,,Crown of Castile,34,,,,
Q1993848,South African Border War,1966,battle & war,battle & war,,,,34,region_missing,,,
Q2087792,Adana massacre,1909,attack & violence,attack & violence,Europe,,Ottoman Empire,34,,,,
Q2260521,"Italian constitutional referendum, 1946",1946,politics & diplomacy,politics & diplomacy,Europe,,Italy,34,,,,
Q2341090,murder of John Lennon,1980,society & economy,society & economy,North America,,United States,34,,,,
Q2629370,Expo 2020,2021,culture & religion,culture & religion,Asia,,United Arab Emirates,34,,,,
Q2736155,Seneca Falls Convention,1848,politics & diplomacy,politics & diplomacy,,,,34,region_missing,,,
Q2783102,London Beer Flood,1814,disaster & accident,disaster & accident,Europe,,,34,region_boxed,,,
Q2854228,occupation of Istanbul,1918,battle & war,battle & war,,,,34,region_missing,,,
Q4431988,The X Factor,2004,culture & religion,culture & religion,,,,34,region_missing;entity_start,,,
Q5084679,Norwegian Campaign,1940,battle & war,battle & war,,,,34,region_missing,,,
Q11821309,Treaty of Belgrade,1739,politics & diplomacy,politics & diplomacy,Europe,,Serbia,34,,,,
Q30327722,2017 Pedrógão Grande Wildfire,2017,disaster & accident,disaster & accident,Europe,,Portugal,34,,,,
Q83872291,COVID-19 pandemic in Japan,2020,disaster & accident,disaster & accident;politics & diplomacy,Asia,,Japan,34,,,,
Q91129213,2020 Nova Scotia shooting,2020,attack & violence,attack & violence,North America,,Canada,34,,,,
Q104713215,second impeachment of Donald Trump,2021,politics & diplomacy,politics & diplomacy,North America,,United States,34,,,,
Q106317441,2021 Abu Dhabi Grand Prix,2021,culture & religion,culture & religion,Asia,,United Arab Emirates,34,serial_event,,,
Q125937931,attempted assassination of Robert Fico,2024,attack & violence,attack & violence;politics & diplomacy,Europe,,Slovakia,34,,,,
Q136033573,August 2025 Afghanistan earthquake,2025,disaster & accident,disaster & accident,Asia,,Afghanistan,34,,,,
Q139373327,2026 Onikişubat school shooting,2026,attack & violence,attack & violence;society & economy,Asia,,Turkey,34,,,,
Q25904,Dumbarton Oaks Conference,1944,politics & diplomacy,politics & diplomacy,,,,33,region_missing,,,
Q112524,Red Turban Rebellion,1351,revolution & uprising,revolution & uprising,Asia,,People's Republic of China,33,,,,
Q152758,Spanair Flight 5022,2008,disaster & accident,disaster & accident,Europe,,Spain,33,,,,
Q162287,Battle of Hürtgen Forest,1944,battle & war,battle & war,Europe,,Germany,33,,,,
Q163107,Überlingen mid-air collision,2002,disaster & accident,disaster & accident,Europe,,Germany,33,,,,
Q166981,Act of Independence of Lithuania,1918,politics & diplomacy,politics & diplomacy,Europe,,Lithuania,33,,,,
Q169436,Battle of Rostov,1941,battle & war,battle & war,Europe,,Russia,33,,,,
Q171552,1994 San Marino Grand Prix,1994,culture & religion,culture & religion,Europe,,San Marino,33,serial_event,,,
Q182240,Siege of Warsaw,1939,battle & war,battle & war,Europe,,Poland,33,,,,
Q185517,war on drugs,1971,battle & war,battle & war,,,,33,gap_review;region_missing,,,
Q186291,Great Hurricane of 1780,1780,disaster & accident,disaster & accident,,,,33,region_missing,,,
Q221941,War of the Quadruple Alliance,1718,battle & war,battle & war,,,,33,region_missing,,,
Q233343,Second Battle of Bull Run,1862,battle & war,battle & war,North America,,United States,33,,,,
Q248542,Ivy Mike,1952,science & exploration,science & exploration,North America,,United States,33,,,,
Q252612,First Continental Congress,1774,politics & diplomacy,politics & diplomacy,,,,33,region_missing,,,
Q258873,Waco Siege,1993,battle & war,battle & war;culture & religion,North America,,United States,33,,,,
Q275618,occupation of Czechoslovakia,1939,battle & war,battle & war;politics & diplomacy,,,,33,region_missing,,,
Q315342,Burgundian Wars,1474,battle & war,battle & war,,,,33,region_missing,,,
Q328357,Belgrade offensive,1944,battle & war,battle & war,Europe,,Government of National Salvation,33,,,,
Q334720,Abu Ghraib torture and prisoner abuse,2004,battle & war,battle & war;politics & diplomacy,multi,,Iraq,33,,,,
Q339291,Wuchang Uprising,1911,revolution & uprising,revolution & uprising,Asia,,People's Republic of China,33,,,,
Q351722,Adams–Onís Treaty,1821,politics & diplomacy,politics & diplomacy,North America,,United States,33,,,,
Q370555,Gimli Glider,1983,disaster & accident,disaster & accident,North America,,Canada,33,,,,
Q427958,Battle of Sinop,1853,battle & war,battle & war,Asia,,Turkey,33,,,,
Q468293,First Barbary War,1801,battle & war,battle & war,Africa,,,33,region_boxed,,,
Q506911,1903 Tour de France,1903,politics & diplomacy,politics & diplomacy,Europe,,France,33,category_guess;serial_event,,,
Q508513,12th Academy Awards,1940,culture & religion,culture & religion,North America,,United States,33,serial_event,,,
Q536822,Diet of Worms,1521,politics & diplomacy,politics & diplomacy,Europe,,Holy Roman Empire,33,category_guess,,,
Q541626,Battle of Aspern-Essling,1809,battle & war,battle & war,Europe,,Austria,33,,,,
Q595545,Rákóczi’s War of Independence,1703,revolution & uprising,revolution & uprising;battle & war;politics & diplomacy,,,,33,region_missing,,,
Q597506,First Partition of Poland,1772,politics & diplomacy,politics & diplomacy,,,,33,region_missing,,,
Q610156,1986 FIFA World Cup Final,1986,culture & religion,culture & religion,North America,,Mexico,33,serial_event,,,
Q611089,Siege of Tobruk,1941,battle & war,battle & war,Africa,,Libya,33,,,,
Q636771,Spanish conquest of the Inca Empire,1532,battle & war,battle & war,South America,,,33,region_boxed,,,
Q653664,Battle of Trenton,1776,battle & war,battle & war,North America,,United States,33,,,,
Q656545,Reinsurance Treaty,1887,politics & diplomacy,politics & diplomacy,,,,33,region_missing,,,
Q666778,Prague Uprising,1945,revolution & uprising,revolution & uprising,Europe,,Czech Republic,33,,,,
Q682452,Siege of Malta,1940,battle & war,battle & war,Europe,,Malta,33,,,,
Q696448,Operation Ichi-Go,1944,battle & war,battle & war,,,,33,region_missing,,,
Q698842,1860 United States presidential election,1860,politics & diplomacy,politics & diplomacy,North America,,United States,33,serial_event,,,
Q700705,Battle of Saipan,1944,battle & war,battle & war,North America,,United States,33,,,,
Q727854,Missouri Compromise,1820,politics & diplomacy,politics & diplomacy,,,,33,region_missing,,,
Q749610,1964 Alaska great earthquake and tsunami,1964,disaster & accident,disaster & accident,North America,,United States,33,,,,
Q770698,Syria–Lebanon campaign,1941,battle & war,battle & war,Asia,,British India,33,,,,
Q780845,Franco-Thai War,1940,battle & war,battle & war,,,,33,region_missing,,,
Q815228,Siege of Toulon,1793,battle & war,battle & war,Europe,,France,33,,,,
Q830626,Battle of Bouvines,1214,battle & war,battle & war,Europe,,France,33,,,,
Q853754,Battle of Saule,1236,battle & war,battle & war,Europe,,,33,region_boxed,,,
Q858734,Superga air disaster,1949,disaster & accident,disaster & accident,Europe,,Italy,33,,,,
Q862548,Turkish Airlines Flight 1951,2009,disaster & accident,disaster & accident,Europe,,Netherlands,33,,,,
Q871407,Treaty of Rapallo,1920,politics & diplomacy,politics & diplomacy,Europe,,Kingdom of Italy,33,,,,
Q875738,Brown v. Board of Education,1954,society & economy,society & economy,North America,,United States,33,,,,
Q876206,1998 United States embassy bombings,1998,attack & violence,attack & violence,Africa,,Kenya,33,,,,
Q917143,36th Academy Awards,1964,culture & religion,culture & religion,North America,,United States,33,serial_event,,,
Q922661,1986 United States bombing of Libya,1986,battle & war,battle & war,,,,33,region_missing,,,
Q931492,START I,1991,politics & diplomacy,politics & diplomacy,,,,33,region_missing,,,
Q931982,Treaty of Fes,1912,politics & diplomacy,politics & diplomacy,,,,33,region_missing,,,
Q932613,Battle of Castillon,1453,battle & war,battle & war,Europe,,France,33,,,,
Q961430,Ottoman–Venetian War of 1570–1573,1570,battle & war,battle & war,,,,33,region_missing,,,
Q967844,1999 Russian apartment bombings,1999,attack & violence,attack & violence;disaster & accident,Europe,,Russia,33,,,,
Q1121402,South Lebanon conflict,1978,battle & war,battle & war,,,,33,region_missing,,,
Q1121532,Battle of Alcácer Quibir,1578,battle & war,battle & war,Africa,,Morocco,33,,,,
Q1130792,Treaty of Fredrikshamn,1809,politics & diplomacy,politics & diplomacy,Europe,,Russian Empire,33,,,,
Q1187550,assassination of Robert F. Kennedy,1968,attack & violence,attack & violence;politics & diplomacy,North America,,United States,33,,,,
Q1197995,Frankokratia,1204,politics & diplomacy,politics & diplomacy,,,,33,category_guess;region_missing,,,
Q1334924,Treaty of Brétigny,1360,politics & diplomacy,politics & diplomacy,Europe,,France,33,,,,
Q1443926,Treaty on the Creation of the Union of Soviet Socialist Republics,1922,politics & diplomacy,politics & diplomacy,Europe,,Soviet Union,33,,,,
Q1501724,Portuguese Restoration War,1640,battle & war,battle & war;revolution & uprising,,,,33,region_missing,,,
Q2988530,Iraqi 14 July revolution,1958,politics & diplomacy,politics & diplomacy;revolution & uprising,Asia,,Kingdom of Iraq,33,,,,
Q2995893,counterculture of the 1960s,1960,politics & diplomacy,politics & diplomacy,,,,33,category_guess;region_missing,,,
Q5933860,Abbasid Revolution,746,revolution & uprising,revolution & uprising,Asia,,Umayyad Caliphate,33,,,,
Q20966269,Mecca crane collapse,2015,disaster & accident,disaster & accident,Asia,,Saudi Arabia,33,,,,
Q21201293,2015 Hindu Kush earthquake,2015,disaster & accident,disaster & accident,Asia,,Islamic Republic of Afghanistan,33,,,,
Q22039066,2016 Istanbul bombing,2016,attack & violence,attack & violence,Asia,,Turkey,33,,,,
Q24558579,Pokémon,1996,politics & diplomacy,politics & diplomacy,,,,33,category_guess;region_missing,,,
Q29154471,Khan Shaykhun chemical attack,2017,battle & war,battle & war,Asia,,Syria,33,,,,
Q37933184,Hurricane Harvey,2017,disaster & accident,disaster & accident,North America,,United States,33,,,,
Q42725753,Sutherland Springs church shooting,2017,attack & violence,attack & violence;culture & religion,North America,,United States,33,,,,
Q43172549,2017 Zimbabwean coup d'état attempt,2017,politics & diplomacy,politics & diplomacy,Africa,,Zimbabwe,33,,,,
Q43544477,2017 Sinai mosque attack,2017,attack & violence,attack & violence;culture & religion,Africa,,Egypt,33,,,,
Q50412176,US Bangla Airlines Flight 211,2018,disaster & accident,disaster & accident,Asia,,Nepal,33,,,,
Q51139646,2018–2019 Gaza border protests,2010,battle & war,battle & war;society & economy,Asia,,Palestine,33,,,,
Q51846024,2018 Armenian Revolution,2018,society & economy,society & economy;revolution & uprising,Asia,,Armenia,33,,,,
Q55153903,Prespa agreement,2018,politics & diplomacy,politics & diplomacy,Europe,,,33,region_boxed,,,
Q85636305,2020 Hanau shootings,2020,attack & violence,attack & violence,Europe,,Germany,33,,,,
Q87068864,COVID-19 pandemic in Greece,2020,disaster & accident,disaster & accident,Europe,,Greece,33,,,,
Q111458253,Aragalaya,2022,society & economy,society & economy,Asia,,Sri Lanka,33,,,,
Q121324595,2023 Hawaii wildfires,2023,disaster & accident,disaster & accident,North America,,United States,33,,,,
Q131404510,Fall of the Assad regime,2024,politics & diplomacy,politics & diplomacy,Asia,,Syrian Arab Republic,33,,,,
Q131520015,2024 Magdeburg car attack,2024,attack & violence,attack & violence,Europe,,Germany,33,,,,
Q131611708,2025 New Orleans truck attack,2025,attack & violence,attack & violence,North America,,United States,33,,,,
Q11914,2010 Abu Dhabi Grand Prix,2010,culture & religion,culture & religion,Asia,,United Arab Emirates,32,serial_event,,,
Q54430,2007 Brazilian Grand Prix,2007,culture & religion,culture & religion,South America,,Brazil,32,serial_event,,,
Q74011,Norman conquest of southern Italy,1100,battle & war,battle & war,Europe,,,32,gap_review;region_boxed,,,
Q76118,Third Macedonian War,-171,battle & war,battle & war,,,,32,region_missing,,,
Q83863,Australia 31–0 American Samoa,2001,culture & religion,culture & religion,Oceania,,Australia,32,serial_event,,,
Q118373,Charkhi Dadri mid-air collision,1996,disaster & accident,disaster & accident,Asia,,India,32,,,,
Q139758,Feast of Christ the King,1925,politics & diplomacy,politics & diplomacy,,,,32,category_guess;region_missing,,,
Q162228,Malmedy massacre,1944,attack & violence,attack & violence;battle & war,Europe,,Belgium,32,,,,
Q165136,Swabian War,1499,battle & war,battle & war,Europe,,Switzerland,32,,,,
Q179338,2008 Singapore Grand Prix,2008,culture & religion,culture & religion,Asia,,Singapore,32,serial_event,,,
Q243585,Second Serbian Uprising,1815,revolution & uprising,revolution & uprising,Europe,,Serbia,32,,,,
Q249708,Aleutian Islands Campaign,1942,battle & war,battle & war,North America,,United States,32,,,,
Q283364,Battle of Legnano,1176,battle & war,battle & war,Europe,,Italy,32,,,,
Q287422,Anti-Ballistic Missile Treaty,1972,politics & diplomacy,politics & diplomacy,multi,,Soviet Union,32,gap_review,,,
Q312268,Siege of Constantinople,626,battle & war,battle & war,multi,,Byzantine Empire,32,,,,
Q316868,Bombing of Hamburg in World War II,1943,battle & war,battle & war,Europe,,Germany,32,,,,
Q383991,2012 Indian Ocean earthquakes,2012,disaster & accident,disaster & accident,Asia,,Bangladesh,32,,,,
Q390115,Hurricane Mitch,1998,disaster & accident,disaster & accident,North America,,Honduras,32,,,,
Q406599,Air New Zealand Flight 901,1979,disaster & accident,disaster & accident,,,,32,region_missing,,,
Q463197,American Airlines Flight 191,1979,disaster & accident,disaster & accident,North America,,United States,32,,,,
Q475780,Siege of Osaka,1614,battle & war,battle & war,Asia,,Japan,32,,,,
Q503347,Attack on Mers-El-Kebir,1940,battle & war,battle & war,multi,,Algeria,32,,,,
Q516760,Battle of Munda,-45,battle & war,battle & war,Europe,,Hispania Ulterior,32,,,,
Q541506,Battle of Prokhorovka,1943,battle & war,battle & war,Europe,,Russia,32,,,,
Q543042,Latvian War of Independence,1918,battle & war,battle & war;politics & diplomacy,Europe,,Latvia,32,,,,
Q555839,Battle of Berezina,1812,battle & war,battle & war,Europe,,,32,region_boxed,,,
Q569953,Battle of Fontenoy,1745,battle & war,battle & war,Europe,,Belgium,32,,,,
Q620988,Israel–Jordan Treaty of Peace,1994,politics & diplomacy,politics & diplomacy,Asia,,Israel,32,,,,
Q640607,Overthrow of Slobodan Milošević,2000,society & economy,society & economy,Europe,,Federal Republic of Yugoslavia,32,,,,
Q643925,War of Dagestan,1999,battle & war,battle & war;revolution & uprising,Asia,,,32,region_boxed,,,
Q655480,Quasi-War,1798,battle & war,battle & war,,,,32,region_missing,,,
Q667080,Peace of Basel,1795,politics & diplomacy,politics & diplomacy,Europe,,Switzerland,32,,,,
Q694106,The Oprah Winfrey Show,1986,culture & religion,culture & religion,,,,32,gap_review;region_missing;entity_start,,,
Q695290,Ethiopian Airlines Flight 409,2010,disaster & accident,disaster & accident,Asia,,Lebanon,32,,,,
Q697659,Remilitarization of the Rhineland,1936,politics & diplomacy,politics & diplomacy,Europe,,Germany,32,,,,
Q698421,Italian invasion of Egypt,1940,battle & war,battle & war,Africa,,Egypt,32,,,,
Q699646,1964 United States presidential election,1964,politics & diplomacy,politics & diplomacy,North America,,United States,32,serial_event,,,
Q708321,Berlin Crisis of 1961,1961,battle & war,battle & war;politics & diplomacy,Europe,,,32,region_boxed,,,
Q730553,Battle of Myriokephalon,1176,battle & war,battle & war,Asia,,Turkey,32,,,,
Q743768,The Anarchy,1135,battle & war,battle & war,Europe,,France,32,,,,
Q754842,Shuttle–Mir program,1993,science & exploration,science & exploration,multi,,Russia,32,,,,
Q755955,Battle of Copenhagen,1801,battle & war,battle & war,Europe,,Denmark,32,,,,
Q762732,Battle of Sardarabad,1918,battle & war,battle & war,Asia,,Armenia,32,,,,
Q803887,Biological Weapons Convention,1972,politics & diplomacy,politics & diplomacy,,,,32,region_missing,,,
Q815140,Siege of Dubrovnik,1991,battle & war,battle & war,Europe,,Croatia,32,,,,
Q830166,Ohi Day,1940,culture & religion,culture & religion,Europe,,Cyprus,32,,,,
Q836963,Treaty of Cateau-Cambrésis,1559,politics & diplomacy,politics & diplomacy,,,,32,region_missing,,,
Q853685,Treaty of Nöteborg,1323,politics & diplomacy,politics & diplomacy,,,,32,region_missing,,,
Q858778,Late Show with David Letterman,1993,culture & religion,culture & religion,North America,,,32,region_boxed;entity_start,,,
Q865513,Helios Airways Flight 522,2005,disaster & accident,disaster & accident,Europe,,Greece,32,,,,
Q870196,Russo-Swedish War of 1788–1790,1788,battle & war,battle & war,,,,32,region_missing,,,
Q908708,Neighbours,1985,culture & religion,culture & religion,,,,32,region_missing;entity_start,,,
Q911295,2011 Cricket World Cup,2011,culture & religion,culture & religion,Asia,,Bangladesh,32,entity_start;serial_event,,,
Q913604,Battle of Alma,1854,battle & war,battle & war,Europe,,Russia,32,,,,
Q934157,Battle of Ayacucho,1824,battle & war,battle & war,South America,,Peru,32,,,,
Q945970,1974 FIFA World Cup Final,1974,culture & religion,culture & religion,Europe,,West Germany,32,serial_event,,,
Q952728,2017 Turkish Airlines cargo plane crash,2017,disaster & accident,disaster & accident,Asia,,Kyrgyzstan,32,,,,
Q976887,1954 Guatemalan coup d'état,1954,politics & diplomacy,politics & diplomacy,North America,,Guatemala,32,,,,
Q1052651,Battle of Madagascar,1942,battle & war,battle & war,Africa,,Madagascar,32,,,,
Q1130522,Operation Mincemeat,1943,battle & war,battle & war,Europe,,Spain,32,,,,
Q1162294,Expedition Endurance,1914,science & exploration,science & exploration,,,,32,region_missing,,,
Q1324198,Treaty of Ghent,1814,politics & diplomacy,politics & diplomacy,Europe,,Belgium,32,,,,
Q1368318,National Assembly of Thailand,2017,politics & diplomacy,politics & diplomacy,Asia,,Thailand,32,gap_review;category_guess,,,
Q1412033,The Day the Music Died,1959,disaster & accident,disaster & accident,North America,,United States,32,,,,
Q1418582,Russo-Persian War of 1722–23,1722,battle & war,battle & war,,,,32,region_missing,,,
Q1620408,Battle of Chesma,1770,battle & war,battle & war,Asia,,Turkey,32,,,,
Q1783607,Salvadoran Civil War,1979,battle & war,battle & war,,,,32,region_missing,,,
Q1926157,Meuse-Argonne Offensive,1918,battle & war,battle & war,Europe,,France,32,,,,
Q2308186,German invasion of Denmark,1940,battle & war,battle & war,,,,32,region_missing,,,
Q2321680,Tashkent Declaration,1966,politics & diplomacy,politics & diplomacy,,,,32,region_missing,,,
Q2577772,Wars of the Three Kingdoms,1638,battle & war,battle & war,,,,32,region_missing,,,
Q3025374,Second Partition of Poland,1793,politics & diplomacy,politics & diplomacy,,,,32,region_missing,,,
Q3769089,Second Fitna,680,battle & war,battle & war,Asia,,Umayyad Caliphate,32,,,,
Q8094772,1883 eruption of Krakatoa,1883,disaster & accident,disaster & accident,Asia,,Dutch East Indies,32,,,,
Q14941568,Westgate shopping mall shooting,2013,attack & violence,attack & violence,Africa,,Kenya,32,,,,
Q15198571,Tatarstan Airlines Flight 363,2013,disaster & accident,disaster & accident,Europe,,Russia,32,,,,
Q15353665,South Sudanese Civil War,2013,battle & war,battle & war,Africa,,South Sudan,32,,,,
Q16869476,Soma mine disaster,2014,disaster & accident,disaster & accident,Asia,,Turkey,32,,,,
Q17195724,2014 Japanese Grand Prix,2014,culture & religion,culture & religion,Asia,,Japan,32,serial_event,,,
Q17984356,Iraqi Civil War of 2014–2017,2014,battle & war,battle & war,Asia,,Iraq,32,,,,
Q21516923,2015 Bamako hotel attack,2015,attack & violence,attack & violence,Africa,,Mali,32,,,,
Q21613643,2015 San Bernardino shooting,2015,attack & violence,attack & violence,North America,,United States,32,,,,
Q22662663,2016 Kaohsiung earthquake,2016,disaster & accident,disaster & accident,Asia,,Taiwan,32,,,,
Q27058656,Hurricane Matthew,2016,disaster & accident,disaster & accident,multi,,Colombia,32,,,,
Q40178187,Hurricane Maria,2017,disaster & accident,disaster & accident,North America,,Dominica,32,,,,
Q40355642,2017 Central Mexico earthquake,2017,disaster & accident,disaster & accident,North America,,Mexico,32,,,,
Q42033121,October 2017 Mogadishu bombings,2017,attack & violence,attack & violence,Africa,,Somalia,32,,,,
Q48714898,Marjory Stoneman Douglas High School shooting,2018,attack & violence,attack & violence,North America,,United States,32,,,,
Q66108236,2019 El Paso shooting,2019,attack & violence,attack & violence,North America,,United States,32,,,,
Q112666390,June 2022 Afghanistan earthquake,2022,disaster & accident,disaster & accident,Asia,,Afghanistan,32,,,,
Q133288049,Kočani nightclub fire,2025,disaster & accident,disaster & accident,Europe,,North Macedonia,32,,,,
Q140774656,2026 Morocco–Spain border incident,2026,politics & diplomacy,politics & diplomacy,multi,,Morocco,32,,,,
Q100021,PIA Flight 661,2016,disaster & accident,disaster & accident,Asia,,Pakistan,31,,,,
Q166877,Emperor of Austria,1804,politics & diplomacy,politics & diplomacy,Europe,,Austrian Empire,31,category_guess,,,
Q170113,Battle of Saint Gotthard,1664,battle & war,battle & war,Europe,,Hungary,31,,,,
Q179868,1932 United States presidential election,1932,politics & diplomacy,politics & diplomacy,North America,,United States,31,serial_event,,,
Q181146,Dos de Mayo Uprising,1808,revolution & uprising,revolution & uprising,Europe,,Kingdom of Spain,31,,,,
Q183375,Seventeen Point Agreement,1951,politics & diplomacy,politics & diplomacy,Asia,,People's Republic of China,31,,,,
Q215337,1981 Spanish coup d'état attempt,1981,politics & diplomacy,politics & diplomacy,Europe,,Spain,31,,,,
Q221519,Burma Campaign,1942,battle & war,battle & war,Asia,,British India,31,,,,
Q233688,Treaty of Paris,1815,politics & diplomacy,politics & diplomacy,Europe,,France,31,,,,
Q245831,Cyprus problem,1955,battle & war,battle & war,Europe,,Cyprus,31,gap_review,,,
Q263142,Battle of the Java Sea,1942,battle & war,battle & war,Oceania,,,31,region_boxed,,,
Q276059,Battle of Vitoria,1813,battle & war,battle & war,Europe,,Kingdom of Spain,31,,,,
Q277985,1st Ukrainian Front,1943,politics & diplomacy,politics & diplomacy,Europe,,Soviet Union,31,category_guess,,,
Q311721,Hindenburg Line,1917,politics & diplomacy,politics & diplomacy,Europe,,France,31,category_guess,,,
Q311726,Battle of the Plains of Abraham,1759,battle & war,battle & war,North America,,Canada,31,,,,
Q311773,Sonderkommando,1942,politics & diplomacy,politics & diplomacy,,,,31,category_guess;region_missing,,,
Q316897,Battle of Malplaquet,1709,battle & war,battle & war,Europe,,France,31,,,,
Q326241,Hijacking of Lufthansa Flight 181,1977,attack & violence,attack & violence;society & economy,Africa,,Somalia,31,,,,
Q327895,Łódź Ghetto,1940,politics & diplomacy,politics & diplomacy,Europe,,Nazi Germany,31,category_guess,,,
Q384845,American Airlines Flight 587,2001,disaster & accident,disaster & accident,North America,,United States,31,,,,
Q393299,Battle of Vimy Ridge,1917,battle & war,battle & war,Europe,,France,31,,,,
Q406582,Air India Express Flight 812,2010,disaster & accident,disaster & accident,Asia,,India,31,,,,
Q417820,protests against SOPA and PIPA,2012,society & economy,society & economy,,,,31,region_missing,,,
Q473206,The Monster Ball Tour,2009,culture & religion,culture & religion,,,,31,region_missing,,,
Q476634,Nanchang Uprising,1927,revolution & uprising,revolution & uprising,Asia,,People's Republic of China,31,,,,
Q544090,Battle of Cape Matapan,1941,battle & war,battle & war,Europe,,Greece,31,,,,
Q547247,Operation Rolling Thunder,1965,battle & war,battle & war,,,,31,region_missing,,,
Q573972,Battle of Rossbach,1757,battle & war,battle & war,Europe,,Germany,31,,,,
Q586755,RDS-1,1949,politics & diplomacy,politics & diplomacy,Asia,,,31,category_guess;region_boxed,,,
Q617333,Franco-Spanish War,1635,battle & war,battle & war,,,,31,gap_review;region_missing,,,
Q619749,Kurdistan Workers' Party insurgency,1978,battle & war,battle & war;revolution & uprising,,,,31,gap_review;region_missing,,,
Q639251,disappearance of Madeleine McCann,2007,politics & diplomacy,politics & diplomacy,Europe,,Portugal,31,category_guess,,,
Q644161,1972 United States presidential election,1972,politics & diplomacy,politics & diplomacy,North America,,United States,31,serial_event,,,
Q662961,Battle of Vittorio Veneto,1918,battle & war,battle & war,Europe,,Italy,31,,,,
Q670489,Gorlice–Tarnów Offensive,1915,battle & war,battle & war,Europe,,Poland,31,,,,
Q688297,Sonderbund War,1847,battle & war,battle & war,Europe,,Switzerland,31,,,,
Q690308,Kerensky Offensive,1917,battle & war,battle & war,,,,31,region_missing,,,
Q696900,Battle of Guam,1944,battle & war,battle & war,North America,,United States,31,,,,
Q698106,1800 United States presidential election,1800,politics & diplomacy,politics & diplomacy,North America,,United States,31,serial_event,,,
Q698281,Italian War of 1521–1526,1521,battle & war,battle & war,Europe,,Italy,31,,,,
Q698686,Treaty of Hubertusburg,1763,politics & diplomacy,politics & diplomacy,Europe,,Germany,31,,,,
Q699548,1952 United States presidential election,1952,politics & diplomacy,politics & diplomacy,North America,,United States,31,serial_event,,,
Q715282,PROTECT IP Act,2011,politics & diplomacy,politics & diplomacy,North America,,United States,31,category_guess,,,
Q721168,Truce of Andrusovo,1667,politics & diplomacy,politics & diplomacy,Europe,,,31,region_boxed,,,
Q747589,Battle of Isandlwana,1879,battle & war,battle & war,Africa,,Zulu Kingdom,31,,,,
Q751398,International Opium Convention,1912,politics & diplomacy,politics & diplomacy,Europe,,Netherlands,31,,,,
Q757979,attempted assassination of Ronald Reagan,1981,attack & violence,attack & violence;society & economy;politics & diplomacy,North America,,United States,31,,,,
Q804558,Bakumatsu,1853,politics & diplomacy,politics & diplomacy,Asia,,Japan,31,gap_review;category_guess,,,
Q815177,Siege of Lisbon,1147,battle & war,battle & war,Europe,,Kingdom of Portugal,31,,,,
Q815216,Siege of Sevastopol,1854,battle & war,battle & war,Europe,,Russia,31,,,,
Q836897,massacre of Oradour-sur-Glane,1944,attack & violence,attack & violence;battle & war,Europe,,France,31,,,,
Q849653,Battle of Thapsus,-46,battle & war,battle & war,Africa,,Tunisia,31,,,,
Q874784,Bar Confederation,1768,politics & diplomacy,politics & diplomacy,Europe,,Poland,31,category_guess,,,
Q900945,Battle of Lodi,1796,battle & war,battle & war,Europe,,Austrian Lombardy,31,,,,
Q908717,TWA Flight 800,1996,disaster & accident,disaster & accident,North America,,United States,31,,,,
Q909551,1982 FIFA World Cup Final,1982,culture & religion,culture & religion,Europe,,Spain,31,serial_event,,,
Q917138,37th Academy Awards,1965,culture & religion,culture & religion,North America,,United States,31,serial_event,,,
Q917606,Brioni Agreement,1991,politics & diplomacy,politics & diplomacy,Europe,,,31,region_boxed,,,
Q933745,Treaty of Osimo,1975,politics & diplomacy,politics & diplomacy,Europe,,Italy,31,,,,
Q971176,French Constitution of 1791,1791,politics & diplomacy,politics & diplomacy,Europe,,France,31,,,,
Q1050350,Teatro dell'Opera di Roma,1879,culture & religion,culture & religion,Europe,,Italy,31,gap_review,,,
Q1078359,Battle of Yamen,1279,battle & war,battle & war,Asia,,People's Republic of China,31,,,,
Q1113659,Battle of Fulford,1066,battle & war,battle & war,Europe,,Kingdom of England,31,,,,
Q1163186,Battle of Svolder,999,battle & war,battle & war,Europe,,,31,region_boxed,,,
Q1225170,Magellan-Elcano expedition,1519,science & exploration,science & exploration;battle & war,Europe,,Crown of Castile,31,,,,
Q1347682,firefight at the O.K. Corral,1881,attack & violence,attack & violence,North America,,United States,31,,,,
Q1370527,Brazilian military government (1964–1985),1964,politics & diplomacy,politics & diplomacy;battle & war,South America,,Brazil,31,,,,
Q1471139,Evian Accords,1962,politics & diplomacy,politics & diplomacy,Europe,,France,31,,,,
Q1585785,Operation Cyclone,1979,battle & war,battle & war;disaster & accident,multi,,Afghanistan,31,,,,
Q1758028,1980 Turkish coup d'état,1980,politics & diplomacy,politics & diplomacy,Asia,,Turkey,31,,,,
Q1798567,1985 Mexico City earthquake,1985,disaster & accident,disaster & accident,North America,,Mexico,31,,,,
Q1814446,King David Hotel bombing,1946,attack & violence,attack & violence;battle & war,Asia,,Mandatory Palestine,31,,,,
Q1994106,Tear down this wall!,1987,politics & diplomacy,politics & diplomacy,,,,31,region_missing,,,
Q2434476,Tintin in Tibet,1959,culture & religion,culture & religion,,,,31,region_missing,,,
Q3347903,assassination of Indira Gandhi,1984,attack & violence,attack & violence;politics & diplomacy,Asia,,India,31,,,,
Q3745599,1990 FIFA World Cup Final,1990,culture & religion,culture & religion,Europe,,Italy,31,serial_event,,,
Q7098695,Grand Ole Opry,1925,politics & diplomacy,politics & diplomacy,North America,,United States,31,category_guess,,,
Q18071930,Siege of Kobanî,2014,battle & war,battle & war,Asia,,Syria,31,,,,
Q41796018,Catalan declaration of independence,2017,politics & diplomacy,politics & diplomacy,Europe,,Spain,31,,,,
Q42440670,2017 Lower Manhattan attack,2017,attack & violence,attack & violence,North America,,United States,31,,,,
Q50415393,poisoning of Sergei and Yulia Skripal,2018,society & economy,society & economy;politics & diplomacy,Europe,,United Kingdom,31,,,,
Q57417004,Kerch Polytechnic College massacre,2018,attack & violence,attack & violence,Europe,,Ukraine,31,,,,
Q76529995,2019 Albania earthquake,2019,disaster & accident,disaster & accident,Europe,,Albania,31,,,,
Q84599740,Nakhon Ratchasima shootings,2020,attack & violence,attack & violence,Asia,,Thailand,31,,,,
Q88599208,COVID-19 recession,2020,society & economy,society & economy,,,,31,region_missing,,,
Q98642744,2020 Turkish Grand Prix,2020,culture & religion,culture & religion,Asia,,Turkey,31,serial_event,,,
Q105367670,2021–present Myanmar protests,2021,society & economy,society & economy,Asia,,Myanmar,31,,,,
Q106696167,2021 Mexico City Metro overpass collapse,2021,disaster & accident,disaster & accident,North America,,Mexico,31,,,,
Q110567218,2022 Hunga Tonga–Hunga Haʻapai eruption and tsunami,2022,disaster & accident,disaster & accident,Oceania,,Tonga,31,,,,
Q118138142,Belgrade school shooting,2023,attack & violence,attack & violence,Europe,,Serbia,31,,,,
Q125145943,Francis Scott Key Bridge collapse,2024,disaster & accident,disaster & accident,North America,,United States,31,,,,
Q127688165,withdrawal of Joe Biden from the 2024 United States presidential election,2024,politics & diplomacy,politics & diplomacy,North America,,United States,31,,,,
Q135677419,2025 Russia–United States summit,2025,politics & diplomacy,politics & diplomacy,North America,,United States,31,,,,
Q17181,Expedition 1,2000,science & exploration,science & exploration,,,,30,region_missing,,,
Q18375,Ariane 1,1979,science & exploration,science & exploration,,,,30,region_missing,,,
Q117320,Moscow Trials,1936,society & economy,society & economy,Europe,,Soviet Union,30,,,,
Q136344,Battle of Köse Dağ,1243,battle & war,battle & war,Asia,,Sultanate of Rum,30,,,,
Q166015,Battle of Lesnaya,1708,battle & war,battle & war,Europe,,Belarus,30,,,,
Q177109,Slovak–Hungarian War,1939,battle & war,battle & war,,,,30,region_missing,,,
Q184637,Ten Years' War,1868,battle & war,battle & war,North America,,,30,region_boxed,,,
Q276294,Armed Forces of Bosnia and Herzegovina,2006,politics & diplomacy,politics & diplomacy,Europe,,Bosnia and Herzegovina,30,gap_review;category_guess,,,
Q325656,Road to Canossa,1076,politics & diplomacy,politics & diplomacy,,,,30,category_guess;region_missing,,,
Q331588,Convention on Cluster Munitions,2008,politics & diplomacy,politics & diplomacy,Europe,,Vatican City,30,category_guess,,,
Q370706,Iranian Embassy Siege,1980,attack & violence,attack & violence;battle & war,Europe,,United Kingdom,30,,,,
Q381461,Aeroflot Flight 593,1994,disaster & accident,disaster & accident,Europe,,Russia,30,,,,
Q381766,2010 Yushu earthquake,2010,disaster & accident,disaster & accident,Asia,,People's Republic of China,30,,,,
Q403416,Battle of Pliska,811,battle & war,battle & war,Europe,,Bulgaria,30,,,,
Q428369,Battle of Nagashino,1575,battle & war,battle & war,Asia,,Japan,30,,,,
Q430803,1982–83 UEFA Cup,1982,culture & religion,culture & religion,Europe,,Germany,30,entity_start;serial_event,,,
Q431177,Mongol invasion of Khwarazmian Empire and Eastern Iran,1219,battle & war,battle & war,,,,30,region_missing,,,
Q476638,2010 Wimbledon Championships,2010,politics & diplomacy,politics & diplomacy,Europe,,United Kingdom,30,category_guess,,,
Q477958,February 26 Incident,1936,politics & diplomacy,politics & diplomacy,Asia,,Empire of Japan,30,,,,
Q482525,March First Movement,1919,revolution & uprising,revolution & uprising;society & economy,Asia,,Korea under Japanese rule,30,,,,
Q482635,Kent State shootings,1970,attack & violence,attack & violence;society & economy,North America,,United States,30,,,,
Q545068,2008 Tibetan unrest,2008,revolution & uprising,revolution & uprising,Asia,,,30,region_boxed,,,
Q584613,2011 Lorca earthquake,2011,disaster & accident,disaster & accident,Europe,,Spain,30,,,,
Q596416,World Chess Championship 1972,1972,culture & religion,culture & religion,Europe,,Iceland,30,entity_start,,,
Q604739,Siege of Zara,1202,battle & war,battle & war,Europe,,Croatia,30,,,,
Q617409,Argentine War of Independence,1810,battle & war,battle & war;politics & diplomacy,South America,,Argentina,30,,,,
Q622059,April Uprising of 1876,1876,revolution & uprising,revolution & uprising,Europe,,,30,region_boxed,,,
Q634429,1936 United States presidential election,1936,politics & diplomacy,politics & diplomacy,North America,,United States,30,serial_event,,,
Q634629,Battle of Towton,1461,battle & war,battle & war,Europe,,Kingdom of England,30,,,,
Q636365,War of the League of Cambrai,1508,battle & war,battle & war,,,,30,region_missing,,,
Q653112,Israeli blockade of the Gaza Strip,2000,politics & diplomacy,politics & diplomacy,,,,30,category_guess;region_missing,,,
Q665946,1954 FIFA World Cup Final,1954,culture & religion,culture & religion,Europe,,Switzerland,30,serial_event,,,
Q675228,Vel' d'Hiv Roundup,1942,politics & diplomacy,politics & diplomacy,,,,30,category_guess;region_missing,,,
Q688308,Swedish War of Liberation,1521,battle & war,battle & war;revolution & uprising,,,,30,region_missing,,,
Q689527,Aster Revolution,1918,revolution & uprising,revolution & uprising,,,,30,region_missing,,,
Q694835,Seventh Ottoman–Venetian War,1714,battle & war,battle & war,,,,30,region_missing,,,
Q696607,Battle of the Denmark Strait,1941,battle & war,battle & war,,,,30,region_missing,,,
Q696931,Battle of Manila,1945,battle & war,battle & war,Asia,,Philippines,30,,,,
Q697059,Battle of Hong Kong,1941,battle & war,battle & war,multi,,British Empire,30,,,,
Q698056,1960 Agadir earthquake,1960,disaster & accident,disaster & accident,Africa,,Morocco,30,,,,
Q698828,Siege of Przemyśl,1914,battle & war,battle & war,Europe,,Poland,30,,,,
Q706563,Siege of Tsingtao,1914,battle & war,battle & war,multi,,Empire of Japan,30,,,,
Q707547,Jedwabne pogrom,1941,attack & violence,attack & violence,Europe,,Poland,30,,,,
Q734700,Battle of Avarayr,451,battle & war,battle & war,Asia,,Iran,30,,,,
Q756984,Shelling of Mainila,1939,battle & war,battle & war,Europe,,,30,region_boxed,,,
Q759837,Dissolution of the Monasteries,1536,politics & diplomacy,politics & diplomacy,,,,30,category_guess;region_missing,,,
Q781360,Australian Army,1901,battle & war,battle & war,Oceania,,Australia,30,,,,
Q786171,Ottoman–Habsburg Wars,1526,battle & war,battle & war,,,,30,gap_review;region_missing,,,
Q799299,crushing The Rebellions of 1965–1966,1965,attack & violence,attack & violence,Asia,,Indonesia,30,,,,
Q856129,Kitchen Debate,1959,politics & diplomacy,politics & diplomacy,,,,30,category_guess;region_missing,,,
Q856168,Pastry War,1838,battle & war,battle & war,,,,30,region_missing,,,
Q860423,2006 Thai coup d'état,2006,politics & diplomacy,politics & diplomacy,Asia,,Thailand,30,,,,
Q862257,King Philip's War,1675,battle & war,battle & war,,,,30,region_missing,,,
Q867691,May 2006 Java earthquake,2006,disaster & accident,disaster & accident,Asia,,Indonesia,30,,,,
Q903199,Cimbrian War,-113,battle & war,battle & war,,,,30,region_missing,,,
Q943277,Battle of Shiloh,1862,battle & war,battle & war,North America,,United States,30,,,,
Q1025466,assassination of Julius Caesar,-44,attack & violence,attack & violence;politics & diplomacy,Europe,,Ancient Rome,30,,,,
Q1052120,East African Campaign,1940,battle & war,battle & war,Asia,,British India,30,,,,
Q1061228,Battle of Puebla,1862,battle & war,battle & war,North America,,Mexico,30,,,,
Q1129089,Great Molasses Flood,1919,disaster & accident,disaster & accident,North America,,United States,30,,,,
Q1130275,Swedish calendar,1700,politics & diplomacy,politics & diplomacy,Europe,,Swedish Empire,30,gap_review;category_guess,,,
Q1201263,Warlord Era,1916,politics & diplomacy,politics & diplomacy,Asia,,Republic of China,30,gap_review;category_guess,,,
Q1308854,La Noche Triste,1520,battle & war,battle & war,North America,,Aztec Empire,30,,,,
Q1342568,Third Anglo-Dutch War,1672,battle & war,battle & war,,,,30,region_missing,,,
Q1349539,Kyshtym disaster,1957,disaster & accident,disaster & accident,Europe,,Russia,30,,,,
Q1417847,Long Depression,1873,society & economy,society & economy,,,,30,region_missing,,,
Q1419459,Battle of the Chesapeake,1781,battle & war,battle & war,North America,,,30,region_boxed,,,
Q1500314,Battle of Harran,1104,battle & war,battle & war,Asia,,Turkey,30,,,,
Q1543066,Meet the Press,1947,culture & religion,culture & religion,,,,30,region_missing;entity_start,,,
Q1814324,Vinnytsia massacre,1930,attack & violence,attack & violence,Europe,,Soviet Union,30,,,,
Q1982745,Spanish Revolution,1936,revolution & uprising,revolution & uprising,Europe,,Spanish Republic at War,30,,,,
Q1987213,Battle of Dyrrhachium,1081,battle & war,battle & war,Europe,,Albania,30,,,,
Q2092429,Serbian Revolution,1804,revolution & uprising,revolution & uprising,,,,30,region_missing,,,
Q2518540,Constitution of Pakistan,1972,politics & diplomacy,politics & diplomacy,Asia,,Pakistan,30,gap_review,,,
Q2609193,Guinea-Bissau War of Independence,1963,battle & war,battle & war;politics & diplomacy,,,,30,region_missing,,,
Q2658255,Byzantine Civil War of 1341–1347,1341,battle & war,battle & war,Europe,,Byzantine Empire,30,,,,
Q2862267,Korean Armistice Agreement,1953,politics & diplomacy,politics & diplomacy,multi,,North Korea,30,,,,
Q3350154,assassination of Mahatma Gandhi,1948,attack & violence,attack & violence;politics & diplomacy,Asia,,Dominion of India,30,,,,
Q7453539,Bek Air Flight 2100,2019,disaster & accident,disaster & accident,Asia,,Kazakhstan,30,,,,
Q14303815,Battle of Castle Itter,1945,battle & war,battle & war,Europe,,Austria,30,,,,
Q16914766,2014 Thai coup d'état,2014,politics & diplomacy,politics & diplomacy,Asia,,Thailand,30,,,,
Q18418423,Catalan self-determination referendum,2014,politics & diplomacy,politics & diplomacy,Europe,,Spain,30,,,,
Q18638636,2014 Sydney hostage crisis,2014,attack & violence,attack & violence;politics & diplomacy,Oceania,,Australia,30,,,,
Q19613356,Bardo National Museum attack,2015,attack & violence,attack & violence,Africa,,Tunisia,30,,,,
Q19682450,Saudi-led intervention in the Yemeni civil war,2015,battle & war,battle & war,Asia,,Yemen,30,,,,
Q20154675,"2015 Charleston, South Carolina shooting",2015,attack & violence,attack & violence,North America,,United States,30,,,,
Q20826727,2015 Bangkok bombing,2015,attack & violence,attack & violence,Asia,,Thailand,30,,,,
Q21000630,Volkswagen emissions scandal,2009,society & economy,society & economy;politics & diplomacy,,,,30,region_missing,,,
Q21470354,2015 Beirut bombings,2015,attack & violence,attack & violence,Asia,,Lebanon,30,,,,
Q21532387,Our Lady of Lourdes,1858,politics & diplomacy,politics & diplomacy,Europe,,France,30,category_guess,,,
Q28549976,2017 Quebec City mosque shooting,2017,attack & violence,attack & violence;culture & religion,North America,,Canada,30,,,,
Q53729870,Cubana de Aviación Flight 972,2018,disaster & accident,disaster & accident,North America,,Cuba,30,,,,
Q61732241,2019 Pulwama attack,2019,attack & violence,attack & violence,Asia,,India,30,,,,
Q111078529,Battle of Sievierodonetsk,2022,battle & war,battle & war,Europe,,Ukraine,30,,,,
Q114350394,Kanjuruhan Stadium disaster,2022,disaster & accident,disaster & accident,Asia,,Indonesia,30,,,,
Q114943882,2022 Morbi bridge collapse,2022,disaster & accident,disaster & accident,Asia,,India,30,,,,
Q115322003,2022 Cianjur earthquake,2022,disaster & accident,disaster & accident,Asia,,Indonesia,30,,,,
Q118112582,World Chess Championship 2024,2024,culture & religion,culture & religion,,,,30,region_missing;entity_start,,,
Q124078312,2024 Haneda Airport runway collision,2024,disaster & accident,disaster & accident,Asia,,Japan,30,,,,
Q128098219,2024 Wayanad landslide,2024,disaster & accident,disaster & accident,Asia,,India,30,,,,
Q128796456,Voepass Linhas Aéreas Flight 2283,2024,disaster & accident,disaster & accident,South America,,Brazil,30,,,,
Q130428849,Hurricane Milton,2024,disaster & accident,disaster & accident,North America,,Mexico,30,,,,
Q134821352,2025 Graz school shooting,2025,attack & violence,attack & violence;society & economy,Europe,,Austria,30,,,,
Q138521081,2026 Israeli war on Lebanon,2026,battle & war,battle & war;society & economy,Asia,,Israel,30,,,,
Q17594,Battle of Dresden,1813,battle & war,battle & war,Europe,,Germany,29,,,,
Q18387,Ariane 4,1988,science & exploration,science & exploration,,,,29,gap_review;region_missing,,,
Q25628,Great stand on the Ugra river,1480,battle & war,battle & war,Europe,,Russia,29,,,,
Q29122,First Anglo-Burmese War,1824,battle & war,battle & war,Asia,,British India,29,,,,
Q143304,2009 Iranian presidential election,2009,politics & diplomacy,politics & diplomacy,Asia,,Iran,29,serial_event,,,
Q149560,Battle of Stallupönen,1914,battle & war,battle & war,Europe,,Russia,29,,,,
Q158102,Winnenden school shooting,2009,attack & violence,attack & violence,Europe,,Germany,29,,,,
Q183080,Paris Convention for the Protection of Industrial Property,1883,politics & diplomacy,politics & diplomacy,,,,29,region_missing,,,
Q200472,Paris massacre of 1961,1961,attack & violence,attack & violence;society & economy,Europe,,France,29,,,,
Q207420,1939 New York World's Fair,1939,culture & religion,culture & religion,North America,,United States,29,serial_event,,,
Q217824,"2,500 year celebration of the Persian Empire",1971,politics & diplomacy,politics & diplomacy,Asia,,Pahlavi Iran,29,category_guess,,,
Q233278,Operation Spark,1943,battle & war,battle & war,Europe,,Russia,29,,,,
Q243590,Second Anglo-Sikh war,1848,battle & war,battle & war,Asia,,British India,29,,,,
Q289492,Battle of the Zab,750,battle & war,battle & war,Africa,,,29,region_boxed,,,
Q316877,Battle of Nancy,1476,battle & war,battle & war,Europe,,France,29,,,,
Q387093,Battle of Arnhem,1944,battle & war,battle & war,Europe,,Netherlands,29,,,,
Q428598,2005 United Kingdom general election,2005,politics & diplomacy,politics & diplomacy,Europe,,United Kingdom,29,gap_review;serial_event,,,
Q461911,Swissair Flight 111,1998,disaster & accident,disaster & accident;science & exploration,North America,,Canada,29,,,,
Q497797,Battle of Cold Harbor,1864,battle & war,battle & war,North America,,United States,29,,,,
Q509347,UEFA Euro 2004 finals,2004,culture & religion,culture & religion,Europe,,Portugal,29,serial_event,,,
Q550172,War of the Breton Succession,1341,battle & war,battle & war,Europe,,Duchy of Brittany,29,gap_review,,,
Q568973,1948 United States presidential election,1948,politics & diplomacy,politics & diplomacy,North America,,United States,29,serial_event,,,
Q574543,Operation Orchard,2007,battle & war,battle & war,Africa,,,29,region_boxed,,,
Q596667,1944 United States presidential election,1944,politics & diplomacy,politics & diplomacy,North America,,United States,29,serial_event,,,
Q612739,Operation Eagle Claw,1980,battle & war,battle & war,Asia,,Iran,29,,,,
Q626191,Annexation of Goa,1961,battle & war,battle & war;politics & diplomacy,,,,29,region_missing,,,
Q642039,Banqueting House,1619,politics & diplomacy,politics & diplomacy,Europe,,United Kingdom,29,gap_review;category_guess,,,
Q644521,Challenger Expedition,1872,science & exploration,science & exploration,,,,29,region_missing,,,
Q648304,Tintin in the Land of the Soviets,1930,culture & religion,culture & religion,,,,29,region_missing,,,
Q648535,Battle of Patay,1429,battle & war,battle & war,Europe,,France,29,,,,
Q653470,Battle of the Caucasus,1942,battle & war,battle & war,Europe,,Russia,29,,,,
Q653783,Operation Priboi,1949,society & economy,society & economy,Europe,,Estonia,29,,,,
Q662637,Federal Charter of 1291,1291,politics & diplomacy,politics & diplomacy,Europe,,Switzerland,29,,,,
Q671479,Sino-British Joint Declaration,1984,politics & diplomacy,politics & diplomacy,,,,29,region_missing,,,
Q682482,Russo-Swedish War of 1741-1743,1741,battle & war,battle & war,,,,29,region_missing,,,
Q695052,hyperinflation in the Weimar Republic,1914,politics & diplomacy,politics & diplomacy,Europe,,German Empire,29,category_guess,,,
Q697748,Battle of Cer,1914,battle & war,battle & war,Europe,,Serbia,29,,,,
Q700032,Battle of Savo Island,1942,battle & war,battle & war,Oceania,,,29,region_boxed,,,
Q700120,occupation of Poland (1939–1945),1939,battle & war,battle & war,,,,29,region_missing,,,
Q700841,Ottoman-Safavid War,1532,battle & war,battle & war,,,,29,gap_review;region_missing,,,
Q700924,end of World War II in Europe,1945,battle & war,battle & war,,,,29,region_missing,,,
Q702170,July 1932 German federal election,1932,politics & diplomacy,politics & diplomacy,Europe,,Weimar Republic,29,,,,
Q705813,Battle of Hohenlinden,1800,battle & war,battle & war,Europe,,Germany,29,,,,
Q718605,Martial law in Poland,1981,politics & diplomacy,politics & diplomacy,Europe,,Poland,29,,,,
Q759988,Zanj Rebellion,869,battle & war,battle & war;revolution & uprising,Asia,,Iran,29,gap_review,,,
Q769960,August Revolution,1945,revolution & uprising,revolution & uprising,Asia,,Vietnam,29,,,,
Q772874,Pazzi conspiracy,1478,attack & violence,attack & violence;politics & diplomacy,Europe,,Republic of Florence,29,,,,
Q776215,Battle of Arausio,-105,battle & war,battle & war,Europe,,France,29,,,,
Q819274,German occupation of Norway,1940,battle & war,battle & war,,,,29,region_missing,,,
Q837787,Battle of Novara,1849,battle & war,battle & war,Europe,,Italy,29,,,,
Q844505,July 2009 Ürümqi riots,2009,society & economy,society & economy,Asia,,People's Republic of China,29,,,,
Q852088,Myanmar conflict,1947,battle & war,battle & war,Asia,,Myanmar,29,gap_review,,,
Q855050,Bhoja Air Flight 213,2012,disaster & accident,disaster & accident,Asia,,Pakistan,29,,,,
Q887817,Year of the Six Emperors,238,politics & diplomacy,politics & diplomacy,Europe,,,29,category_guess;region_boxed,,,
Q909737,Tlatelolco massacre,1968,attack & violence,attack & violence;society & economy,North America,,Mexico,29,,,,
Q911448,Battle of Amiens,1918,battle & war,battle & war,Europe,,France,29,,,,
Q938552,Routemaster,1954,politics & diplomacy,politics & diplomacy,Europe,,United Kingdom,29,category_guess,,,
Q971248,Battle of Marj Dabiq,1516,battle & war,battle & war,Asia,,Syria,29,,,,
Q1053476,1989 Loma Prieta earthquake,1989,disaster & accident,disaster & accident,North America,,United States,29,gap_review,,,
Q1137302,Battle of Omdurman,1898,battle & war,battle & war,Africa,,Sudan,29,,,,
Q1144602,Sumgait pogrom,1988,attack & violence,attack & violence,Asia,,Azerbaijan Soviet Socialist Republic,29,,,,
Q1145411,Grito de Dolores,1810,revolution & uprising,revolution & uprising,North America,,Mexico,29,,,,
Q1145764,Guiding Light,1937,culture & religion,culture & religion,,,,29,region_missing;entity_start,,,
Q1192894,Flight to Varennes,1791,science & exploration,science & exploration,,,,29,region_missing,,,
Q1205622,Burning of Smyrna,1922,disaster & accident,disaster & accident,Asia,,Government of the Grand National Assembly,29,,,,
Q1272213,SilkAir Flight 185,1997,disaster & accident,disaster & accident,Asia,,Indonesia,29,,,,
Q1321586,Moscow Armistice,1944,politics & diplomacy,politics & diplomacy,Europe,,Russia,29,,,,
Q1332211,Flight 19,1945,disaster & accident,disaster & accident,North America,,United States,29,,,,
Q1337059,Battle of Tewkesbury,1471,battle & war,battle & war,Europe,,Kingdom of England,29,,,,
Q1341972,Battle of Aljubarrota,1385,battle & war,battle & war,Europe,,Portugal,29,,,,
Q1343802,Madrid Conference of 1991,1991,politics & diplomacy,politics & diplomacy,Europe,,Spain,29,,,,
Q1351498,Operation Solomon,1991,battle & war,battle & war,Africa,,Ethiopia,29,,,,
Q1363982,1991 Russian presidential election,1991,politics & diplomacy,politics & diplomacy,Europe,,Russian Socialist Federative Soviet Republic,29,serial_event,,,
Q1366196,Gothic War of 376–382,376,battle & war,battle & war,,,,29,region_missing,,,
Q1429256,War of the League of Cognac,1526,battle & war,battle & war,Europe,,Italy,29,,,,
Q1463832,Sack of Rome,455,battle & war,battle & war,Europe,,,29,region_boxed,,,
Q1567698,Muscovite-Lithuanian Wars,1487,battle & war,battle & war,,,,29,gap_review;region_missing,,,
Q1753578,Battle of the Bismarck Sea,1943,battle & war,battle & war,Oceania,,,29,region_boxed,,,
Q1962709,Ingrian War,1610,battle & war,battle & war,Europe,,,29,region_boxed,,,
Q2002064,New START,2010,politics & diplomacy,politics & diplomacy,multi,,Russia,29,,,,
Q2081494,The Ed Sullivan Show,1948,culture & religion,culture & religion,,,,29,gap_review;region_missing;entity_start,,,
Q2119319,Peace of Amasya,1555,politics & diplomacy,politics & diplomacy,,,,29,region_missing,,,
Q2120252,Siamese revolution of 1932,1932,revolution & uprising,revolution & uprising;politics & diplomacy,Asia,,Siam,29,,,,
Q2258726,Herzegovina Uprising,1875,revolution & uprising,revolution & uprising,Europe,,Bosnia and Herzegovina,29,,,,
Q2311171,Operation Panzerfaust,1944,battle & war,battle & war;politics & diplomacy,Europe,,Kingdom of Hungary,29,,,,
Q2441400,2001 Gujarat earthquake,2001,disaster & accident,disaster & accident,Asia,,India,29,,,,
Q2665576,Auspicious Incident,1826,politics & diplomacy,politics & diplomacy,Europe,,Ottoman Empire,29,category_guess,,,
Q2669947,O. J. Simpson murder case,1994,society & economy,society & economy,North America,,United States,29,,,,
Q2698266,1955 Le Mans disaster,1955,disaster & accident,disaster & accident,Europe,,France,29,,,,
Q2726232,Emergency,1975,politics & diplomacy,politics & diplomacy,,,,29,region_missing,,,
Q2916113,Bangladesh genocide,1971,attack & violence,attack & violence,Asia,,Bangladesh,29,,,,
Q2988180,March Days,1918,politics & diplomacy,politics & diplomacy,Asia,,Turkey,29,category_guess,,,
Q3182723,Hindenburg disaster,1937,disaster & accident,disaster & accident,North America,,United States,29,,,,
Q3797766,coronation of Elizabeth II,1953,politics & diplomacy,politics & diplomacy,Europe,,United Kingdom,29,,,,
Q4571496,1964 Brazilian military regime,1964,politics & diplomacy,politics & diplomacy;battle & war,South America,,Brazil,29,,,,
Q16725863,Chibok schoolgirls kidnapping,2014,society & economy,society & economy,Africa,,Nigeria,29,,,,
Q22812485,February 2016 Ankara bombing,2016,attack & violence,attack & violence,Asia,,Turkey,29,,,,
Q23045905,March 2016 Ankara bombing,2016,attack & violence,attack & violence,Asia,,Turkey,29,,,,
Q23688698,2016 Nagorno-Karabakh conflict,2016,battle & war,battle & war,Asia,,Azerbaijan,29,,,,
Q27809653,first presidency of Donald Trump,2017,politics & diplomacy,politics & diplomacy,North America,,United States,29,,,,
Q36248530,Unite the Right rally,2017,society & economy,society & economy,North America,,United States,29,,,,
Q49098663,Iran Aseman Airlines Flight 3704,2018,disaster & accident,disaster & accident,Asia,,Iran,29,,,,
Q57830735,Pittsburgh synagogue shooting,2018,attack & violence,attack & violence,North America,,United States,29,,,,
Q60998244,Brumadinho dam disaster,2019,disaster & accident,disaster & accident,South America,,Brazil,29,,,,
Q66764432,Hurricane Dorian,2019,disaster & accident,disaster & accident,,,,29,region_missing,,,
Q71500435,2019–2021 Chilean protests,2019,society & economy,society & economy,South America,,Chile,29,,,,
Q106651383,2021 Meron crowd crush,2021,disaster & accident,disaster & accident,Asia,,Israel,29,,,,
Q107354956,Doha Agreement,2020,politics & diplomacy,politics & diplomacy,,,,29,region_missing,,,
Q107442287,assassination of Jovenel Moïse,2021,attack & violence,attack & violence;politics & diplomacy,North America,,Haiti,29,,,,
Q112016492,2022 Buffalo shooting,2022,attack & violence,attack & violence,North America,,United States,29,,,,
Q123109101,al-Ahli Arab Hospital explosion,2023,attack & violence,attack & violence;battle & war;disaster & accident,Asia,,Palestine,29,,,,
Q30801,Isner–Mahut match at the 2010 Wimbledon Championships,2010,politics & diplomacy,politics & diplomacy,Europe,,United Kingdom,28,category_guess,,,
Q38821,2012 Northern Italy earthquakes,2012,disaster & accident,disaster & accident,Europe,,Italy,28,,,,
Q39392,Compromise of 1850,1850,politics & diplomacy,politics & diplomacy,,,,28,region_missing,,,
Q43378,Thousand Days' War,1899,battle & war,battle & war,South America,,Colombia,28,,,,
Q58672,dissolution of Austria-Hungary,1918,politics & diplomacy,politics & diplomacy,Europe,,Austria–Hungary,28,,,,
Q127299,Battle of Kolín,1757,battle & war,battle & war,Europe,,Czech Republic,28,,,,
Q129151,1938 Yellow River flood,1938,disaster & accident,disaster & accident,Asia,,Republic of China,28,,,,
Q203159,Monterey International Pop Festival,1967,culture & religion,culture & religion,North America,,United States,28,,,,
Q244941,Xi'an Incident,1936,revolution & uprising,revolution & uprising,Asia,,People's Republic of China,28,,,,
Q250747,Race to the Sea,1914,battle & war,battle & war,Europe,,France,28,,,,
Q260447,Rentenmark,1923,society & economy,society & economy,Europe,,Nazi Germany,28,,,,
Q283062,Battle of Benevento,1266,battle & war,battle & war,Europe,,Italy,28,,,,
Q288045,Hōei eruption,1707,disaster & accident,disaster & accident,Asia,,Japan,28,,,,
Q312388,Bleiburg repatriations,1945,attack & violence,attack & violence;battle & war,Europe,,Austria,28,,,,
Q327044,Operation Nordwind,1944,battle & war,battle & war,Europe,,France,28,,,,
Q384291,Aberfan disaster,1966,disaster & accident,disaster & accident,Europe,,United Kingdom,28,,,,
Q392179,Quebec Conference,1943,politics & diplomacy,politics & diplomacy,North America,,Canada,28,,,,
Q406609,Air Transat Flight 236,2001,disaster & accident,disaster & accident,Europe,,,28,region_boxed,,,
Q426099,Siege of Antwerp,1914,battle & war,battle & war,Europe,,Belgium,28,,,,
Q435605,British Airways Flight 009,1982,disaster & accident,disaster & accident,,,,28,region_missing,,,
Q435806,China Airlines Flight 611,2002,disaster & accident,disaster & accident,Asia,,Taiwan,28,,,,
Q462876,United Airlines Flight 811,1989,disaster & accident,disaster & accident,North America,,United States,28,,,,
Q494961,2002 FIFA World Cup qualification,2000,culture & religion,culture & religion,,,,28,region_missing;serial_event,,,
Q518303,1983 Beirut barracks bombing,1983,attack & violence,attack & violence,Asia,,Lebanon,28,,,,
Q541195,Anglo-Japanese Alliance,1902,battle & war,battle & war;politics & diplomacy,,,,28,region_missing,,,
Q541997,Battle of Alam el Halfa,1942,battle & war,battle & war,Africa,,Egypt,28,,,,
Q572676,St Nazaire Raid,1942,battle & war,battle & war,Europe,,France,28,,,,
Q576364,Revolt of the Batavi,69,revolution & uprising,revolution & uprising,,,,28,region_missing,,,
Q606132,Spam,1937,politics & diplomacy,politics & diplomacy,,,,28,category_guess;region_missing,,,
Q618127,1824 United States presidential election,1824,politics & diplomacy,politics & diplomacy,North America,,United States,28,serial_event,,,
Q627656,St. George's Night Uprising,1343,revolution & uprising,revolution & uprising,,,,28,region_missing,,,
Q630781,Battle of Raphia,-217,battle & war,battle & war,Africa,,Egypt,28,,,,
Q652320,Battle of Toulouse,721,battle & war,battle & war,Europe,,France,28,,,,
Q653187,Montparnasse derailment,1895,disaster & accident,disaster & accident,Europe,,France,28,,,,
Q666536,2005 conclave,2005,culture & religion,culture & religion;politics & diplomacy,Europe,,Vatican City,28,,,,
Q672556,Boxer Protocol,1901,politics & diplomacy,politics & diplomacy,,,,28,region_missing,,,
Q678227,Battle of Fleurus,1794,battle & war,battle & war,Europe,,Belgium,28,,,,
Q681401,Peace of Vasvár,1664,politics & diplomacy,politics & diplomacy,,,,28,region_missing,,,
Q681430,Battle of Magenta,1859,battle & war,battle & war,Europe,,Italy,28,,,,
Q682699,Battle of Kolubara,1914,battle & war,battle & war,Europe,,Serbia,28,,,,
Q694379,Battle of Krbava Field,1493,battle & war,battle & war,Europe,,,28,region_boxed,,,
Q696438,Naval Battle of Guadalcanal,1942,battle & war,battle & war,Oceania,,,28,region_boxed,,,
Q697986,Vienna Convention on Road Traffic,1968,politics & diplomacy,politics & diplomacy,,,,28,region_missing,,,
Q698027,Greater Poland uprising,1918,revolution & uprising,revolution & uprising,,,,28,region_missing,,,
Q698170,Operation Winter Storm,1942,battle & war,battle & war;disaster & accident,,,,28,region_missing,,,
Q698778,Gran Sasso raid,1943,battle & war,battle & war,Europe,,,28,region_boxed,,,
Q699416,1940 United States presidential election,1940,politics & diplomacy,politics & diplomacy,North America,,United States,28,serial_event,,,
Q700027,Union of Arras,1579,politics & diplomacy,politics & diplomacy,Europe,,Belgium,28,,,,
Q700960,Battle of Kiev,1943,battle & war,battle & war,Europe,,Ukraine,28,,,,
Q702377,Battle of the Yellow Sea,1904,battle & war,battle & war,Asia,,,28,region_boxed,,,
Q703550,Axis occupation of Greece,1941,battle & war,battle & war,Europe,,Greece,28,,,,
Q708217,Battles of Narvik,1940,battle & war,battle & war,Europe,,Norway,28,,,,
Q714259,Operation Achse,1943,battle & war,battle & war,Europe,,Italy,28,,,,
Q714320,1999 Jiji earthquake,1999,disaster & accident,disaster & accident,Asia,,Taiwan,28,,,,
Q714749,Battle of Ia Drang,1965,battle & war,battle & war,Asia,,Vietnam,28,,,,
Q722529,EgyptAir Flight 990,1999,disaster & accident,disaster & accident,North America,,United States,28,,,,
Q767848,Battle of Adrianople (324),324,battle & war,battle & war,multi,,Ancient Rome,28,,,,
Q768755,Paris Uprising of 1832,1831,revolution & uprising,revolution & uprising,Europe,,France,28,,,,
Q778218,1980 eruption of Mount St. Helens,1980,disaster & accident,disaster & accident,North America,,United States,28,,,,
Q778800,First Battle of Abukir,1799,battle & war,battle & war,Africa,,Egypt,28,,,,
Q780921,Battle of Paris,1814,battle & war,battle & war,Europe,,France,28,,,,
Q815166,Siege of Kut,1915,battle & war,battle & war,Asia,,Iraq,28,,,,
Q835881,Operation Bodenplatte,1945,battle & war,battle & war,Europe,,Belgium,28,,,,
Q842796,First Battle of St Albans,1455,battle & war,battle & war,Europe,,Kingdom of England,28,,,,
Q842831,Caspian Airlines Flight 7908,2009,disaster & accident,disaster & accident,Asia,,Iran,28,,,,
Q849719,Hurricane Wilma,2005,disaster & accident,disaster & accident,,,,28,region_missing,,,
Q867316,Triangle Shirtwaist Factory fire,1911,disaster & accident,disaster & accident,North America,,United States,28,,,,
Q868481,Battle of Hampton Roads,1862,battle & war,battle & war,North America,,United States,28,,,,
Q869045,Queen Anne's War,1702,battle & war,battle & war,,,,28,region_missing,,,
Q900693,Seminole Wars,1816,battle & war,battle & war,North America,,United States,28,gap_review,,,
Q917709,Hundred Days' Reform,1898,politics & diplomacy,politics & diplomacy,Asia,,Qing dynasty,28,category_guess,,,
Q918503,1997 United Kingdom general election,1997,politics & diplomacy,politics & diplomacy,Europe,,United Kingdom,28,serial_event,,,
Q936604,internment of Japanese Americans,1942,politics & diplomacy,politics & diplomacy,North America,,United States,28,gap_review;category_guess,,,
Q949724,Battle of Naseby,1645,battle & war,battle & war,Europe,,Kingdom of England,28,,,,
Q975430,Tajbeg Palace assault,1979,attack & violence,attack & violence;battle & war,Asia,,,28,region_boxed,,,
Q979845,Naxalite–Maoist insurgency,1967,battle & war,battle & war;revolution & uprising,Asia,,India,28,gap_review,,,
Q1051734,Open Door Policy,1899,politics & diplomacy,politics & diplomacy,North America,,United States,28,category_guess,,,
Q1064335,Pig War,1859,battle & war,battle & war,North America,,,28,region_boxed,,,
Q1065912,1966 FIFA World Cup Final,1966,culture & religion,culture & religion,Europe,,United Kingdom,28,serial_event,,,
Q1132579,Battle of Princeton,1777,battle & war,battle & war,North America,,United States,28,,,,
Q1134649,Battle of the Aegates Islands,-241,battle & war,battle & war,Europe,,Italy,28,,,,
Q1141380,Battle of Wake Island,1941,battle & war,battle & war,North America,,United States,28,,,,
Q1143379,1991–1992 South Ossetia War,1991,battle & war,battle & war,,,,28,region_missing,,,
Q1144824,Battle of Messines,1917,battle & war,battle & war,Europe,,Belgium,28,,,,
Q1192616,Battle of Didgori,1121,battle & war,battle & war,Europe,,Georgia,28,,,,
Q1327790,Battle of Chickamauga,1863,battle & war,battle & war,North America,,United States,28,,,,
Q1363925,Battle of Port Arthur,1904,battle & war,battle & war,Asia,,,28,region_boxed,,,
Q1378244,Washington Agreement,1994,politics & diplomacy,politics & diplomacy,,,,28,region_missing,,,
Q1401251,Profumo Affair,1960,politics & diplomacy,politics & diplomacy,Europe,,United Kingdom,28,,,,
Q1426448,Smiling Buddha,1974,science & exploration,science & exploration,Asia,,India,28,,,,
Q1428169,Battle of Barnet,1471,battle & war,battle & war,Europe,,Kingdom of England,28,,,,
Q1456454,Anglo-Afghan Treaty of 1919,1919,politics & diplomacy,politics & diplomacy,Asia,,British India,28,,,,
Q1495944,Polish–Lithuanian War,1919,battle & war,battle & war,Europe,,Poland,28,,,,
Q1642045,Kafr Qasim massacre,1956,attack & violence,attack & violence,Asia,,Israel,28,,,,
Q1814439,Kishinev pogrom,1903,attack & violence,attack & violence,North America,,Russian Empire,28,,,,
Q1983009,Futurist Manifesto,1996,politics & diplomacy,politics & diplomacy,,,,28,gap_review;category_guess;region_missing,,,
Q1993171,1919 Egyptian revolution,1919,revolution & uprising,revolution & uprising,Africa,,Sultanate of Egypt,28,,,,
Q2060524,Treaty of Zuhab,1639,politics & diplomacy,politics & diplomacy,,,,28,region_missing,,,
Q2070370,subsequent Nuremberg trials,1946,society & economy,society & economy,,,,28,region_missing,,,
Q2238546,Gilbert and Marshall Islands Campaign,1943,battle & war,battle & war,Asia,,,28,region_boxed,,,
Q2395922,transatlantic telegraph cable,1858,politics & diplomacy,politics & diplomacy,,,,28,category_guess;region_missing,,,
Q2453505,Third Partition of Poland,1795,politics & diplomacy,politics & diplomacy,,,,28,region_missing,,,
Q2604547,Capture of Rome,1870,battle & war,battle & war,Europe,,Italy,28,,,,
Q11333034,West Fertilizer Company explosion,2013,disaster & accident,disaster & accident,North America,,United States,28,,,,
Q15456623,December 2013 Volgograd bombings,2013,attack & violence,attack & violence,Europe,,Russia,28,,,,
Q17501769,shooting of Michael Brown,2014,attack & violence,attack & violence;society & economy,North America,,United States,28,,,,
Q19523169,Villa Castelli helicopter collision,2015,disaster & accident,disaster & accident;society & economy,South America,,Argentina,28,,,,
Q20978169,2015 Illapel earthquake,2015,disaster & accident,disaster & accident,South America,,Chile,28,,,,
Q26084467,Sagamihara stabbings,2016,attack & violence,attack & violence,Asia,,Japan,28,,,,
Q28100410,2017 Women's March,2017,culture & religion,culture & religion;society & economy,,,internationality,28,region_missing;serial_event,,,
Q55738551,2018 Attica wildfires,2018,disaster & accident,disaster & accident,Europe,,Greece,28,,,,
Q56839716,United States–Mexico–Canada Agreement,2018,politics & diplomacy,politics & diplomacy,,,,28,category_guess;region_missing,,,
Q57082056,Hurricane Michael,2018,disaster & accident,disaster & accident,North America,,United States,28,,,,
Q108419092,2021 Guinean coup d'état,2021,politics & diplomacy,politics & diplomacy,Africa,,Guinea,28,,,,
Q111269621,Mariupol theatre airstrike,2022,battle & war,battle & war,Europe,,Ukraine,28,,,,
Q113495737,2022 annexation referendums in Russian-occupied Ukraine,2022,politics & diplomacy,politics & diplomacy,Europe,,Ukraine,28,,,,
Q131405504,Israeli invasion of Syria,2024,battle & war,battle & war,Asia,,Syria,28,,,,
Q137809571,2026 Adamuz train derailments,2026,disaster & accident,disaster & accident,Europe,,Spain,28,,,,
Q17183,Expedition 2,2001,science & exploration,science & exploration,,,,27,region_missing,,,
Q28479,Kumanovo Agreement,1999,politics & diplomacy,politics & diplomacy,Europe,,North Macedonia,27,,,,
Q63210,"solar eclipse of December 14, 2020",2020,science & exploration,science & exploration,South America,,Argentina,27,,,,
Q72251,1876 United States presidential election,1876,politics & diplomacy,politics & diplomacy,North America,,United States,27,serial_event,,,
Q72835,1908 United States presidential election,1908,politics & diplomacy,politics & diplomacy,North America,,United States,27,serial_event,,,
Q73194,Battle of Dogger Bank,1915,battle & war,battle & war,Europe,,,27,region_boxed,,,
Q151663,Revolt of the Comuneros,1520,battle & war,battle & war;revolution & uprising,Europe,,Crown of Castile,27,,,,
Q173075,1950 British Grand Prix,1950,culture & religion,culture & religion,Europe,,United Kingdom,27,serial_event,,,
Q184310,Cedar Revolution,2005,revolution & uprising,revolution & uprising,Asia,,Lebanon,27,,,,
Q186166,1900 Galveston hurricane,1900,disaster & accident,disaster & accident,North America,,United States,27,,,,
Q220497,New York City draft riots,1863,society & economy,society & economy,North America,,United States,27,,,,
Q236163,Kielce pogrom,1946,attack & violence,attack & violence,Europe,,Poland,27,,,,
Q239255,Battle of Arras,1917,battle & war,battle & war,Europe,,France,27,,,,
Q248033,Coup of 18 Fructidor,1797,politics & diplomacy,politics & diplomacy,Europe,,French First Republic,27,,,,
Q255997,Houthi insurgency,2004,revolution & uprising,revolution & uprising,Africa,,,27,gap_review;region_boxed,,,
Q274365,8888 Uprising,1988,society & economy,society & economy;revolution & uprising,Asia,,Myanmar,27,,,,
Q301487,Battle of Brandywine,1777,battle & war,battle & war,North America,,United States,27,,,,
Q313404,Eschede derailment,1998,disaster & accident,disaster & accident;society & economy,Europe,,Germany,27,,,,
Q313435,Battle of Leuthen,1757,battle & war,battle & war,Europe,,Poland,27,,,,
Q314087,Ramstein air show disaster,1988,disaster & accident,disaster & accident,Europe,,Germany,27,,,,
Q322260,Able Archer 83,1983,politics & diplomacy,politics & diplomacy,,,,27,region_missing,,,
Q326989,Battle of Morgarten,1315,battle & war,battle & war,Europe,,Switzerland,27,,,,
Q331721,1907 Tiflis bank robbery,1907,society & economy,society & economy,North America,,Russian Empire,27,,,,
Q331905,abolition of the han system,1871,society & economy,society & economy,Asia,,Government of Meiji Japan,27,,,,
Q376154,Battle of Copenhagen,1807,battle & war,battle & war,Europe,,Denmark,27,,,,
Q377269,Dutch–Portuguese War,1601,battle & war,battle & war,,,,27,gap_review;region_missing,,,
Q383549,2011 Minsk Metro bombing,2011,attack & violence,attack & violence,Europe,,Belarus,27,,,,
Q387892,Afriqiyah Airways Flight 771,2010,disaster & accident,disaster & accident,Africa,,Libya,27,,,,
Q394387,Treaty of Paris,1259,politics & diplomacy,politics & diplomacy,,,,27,region_missing,,,
Q473889,tung tung balerina shooting,2008,attack & violence,attack & violence,Europe,,Finland,27,,,,
Q515545,January 28 Incident,1932,battle & war,battle & war,Asia,,Republic of China,27,,,,
Q568458,2004 Ukrainian presidential election,2004,politics & diplomacy,politics & diplomacy,Europe,,Ukraine,27,serial_event,,,
Q580343,United Airlines Flight 232,1989,disaster & accident,disaster & accident,North America,,United States,27,,,,
Q591045,Goiânia accident,1987,disaster & accident,disaster & accident,South America,,Brazil,27,,,,
Q616146,Croatian Spring,1966,culture & religion,culture & religion;politics & diplomacy,Europe,,Socialist Federal Republic of Yugoslavia,27,entity_start,,,
Q616307,Indian massacre of 1622,1622,attack & violence,attack & violence,North America,,United States,27,,,,
Q618979,Victory over Japan Day,1945,politics & diplomacy,politics & diplomacy,multi,,Australia,27,category_guess,,,
Q623391,Japan–Korea Treaty of 1876,1876,politics & diplomacy,politics & diplomacy,,,,27,region_missing,,,
Q625798,Western Desert campaign,1940,battle & war,battle & war,Africa,,Egypt,27,,,,
Q635624,Buddhist crisis,1963,culture & religion,culture & religion;politics & diplomacy,,,,27,region_missing,,,
Q639827,Siege of Damascus,634,battle & war,battle & war,Asia,,Syria,27,,,,
Q661327,Battle of Mühlberg,1547,battle & war,battle & war,Europe,,Germany,27,,,,
Q663405,Battle of Zorndorf,1758,battle & war,battle & war,Europe,,Poland,27,,,,
Q671528,Battle of Königsberg,1945,battle & war,battle & war,Europe,,Prussia,27,,,,
Q689220,March 1933 German federal election,1933,politics & diplomacy,politics & diplomacy,Europe,,Germany,27,,,,
Q690489,Siege of Paris,1870,battle & war,battle & war,Europe,,France,27,,,,
Q690959,Revolutions of 1848 in the Habsburg empire,1848,revolution & uprising,revolution & uprising,Europe,,Austrian Empire,27,,,,
Q694604,Treaty of Mutual Cooperation and Security Between the United States and Japan,1960,politics & diplomacy,politics & diplomacy,,,,27,region_missing,,,
Q695566,Panic of 1873,1873,society & economy,society & economy;politics & diplomacy,,,,27,region_missing,,,
Q699227,1900 United States presidential election,1900,politics & diplomacy,politics & diplomacy,North America,,United States,27,serial_event,,,
Q699289,1912 United States presidential election,1912,politics & diplomacy,politics & diplomacy,North America,,United States,27,serial_event,,,
Q699400,Constantinople Conference,1876,politics & diplomacy,politics & diplomacy,Asia,,Turkey,27,,,,
Q699669,Battle of the Santa Cruz Islands,1942,battle & war,battle & war,Oceania,,,27,region_boxed,,,
Q700442,Second Taiwan Strait Crisis,1958,politics & diplomacy,politics & diplomacy,,,,27,region_missing,,,
Q700710,Battle of Villers-Bocage,1944,battle & war,battle & war,Europe,,France,27,,,,
Q700754,inner German border,1949,politics & diplomacy,politics & diplomacy,Europe,,German Democratic Republic,27,gap_review;category_guess,,,
Q700886,Siege of Constantinople,1422,battle & war,battle & war,multi,,Byzantine Empire,27,,,,
Q702189,Treaty of Niš,1739,politics & diplomacy,politics & diplomacy,Europe,,Moldova,27,,,,
Q733739,1138 Aleppo earthquake,1138,disaster & accident,disaster & accident,multi,,Abbasid Caliphate,27,,,,
Q749970,insurgency in Jammu and Kashmir,1989,revolution & uprising,revolution & uprising,Asia,,India,27,,,,
Q750144,2010 Canterbury earthquake,2010,disaster & accident,disaster & accident,Oceania,,New Zealand,27,,,,
Q757870,Charge of the Light Brigade,1854,battle & war,battle & war,Europe,,Russia,27,,,,
Q757871,Indian Ocean raid,1942,battle & war,battle & war,Asia,,British Ceylon,27,,,,
Q757963,assassination of Martin Luther King Jr.,1968,attack & violence,attack & violence;society & economy;politics & diplomacy,North America,,United States,27,,,,
Q761454,Convention of Constantinople,1888,politics & diplomacy,politics & diplomacy,,,,27,region_missing,,,
Q769736,British Airways Flight 38,2008,disaster & accident,disaster & accident,Europe,,United Kingdom,27,,,,
Q815718,2009 Sumatra earthquakes,2009,disaster & accident,disaster & accident,Asia,,Indonesia,27,,,,
Q830878,Battle of Stiklestad,1030,battle & war,battle & war,Europe,,Norway,27,,,,
Q843912,2009 satellite collision,2009,disaster & accident,disaster & accident;science & exploration,,,,27,region_missing,,,
Q844449,Panic of 1907,1907,society & economy,society & economy;politics & diplomacy,North America,,United States,27,,,,
Q845203,Operation Chastise,1943,battle & war,battle & war,,,,27,region_missing,,,
Q855429,Battle of Ligny,1815,battle & war,battle & war,Europe,,Belgium,27,,,,
Q856216,Beaver Wars,1609,battle & war,battle & war,North America,,Canada,27,,,,
Q891895,2006 Mumbai train bombings,2006,attack & violence,attack & violence,Asia,,India,27,,,,
Q897786,Burning of Washington,1814,battle & war,battle & war;disaster & accident,North America,,United States,27,,,,
Q904715,Yemenia Flight 626,2009,disaster & accident,disaster & accident,Africa,,,27,region_boxed,,,
Q971507,Battle of Zela,-47,battle & war,battle & war,Asia,,Turkey,27,,,,
Q994316,Battle of Maysalun,1920,battle & war,battle & war,Asia,,Syria,27,,,,
Q1050309,Hurricane Andrew,1992,disaster & accident,disaster & accident,,,,27,region_missing,,,
Q1052780,Sherman's March to the Sea,1864,battle & war,battle & war,North America,,Confederate States of America,27,,,,
Q1066253,Siege of Vicksburg,1863,battle & war,battle & war,North America,,United States,27,,,,
Q1066650,Battle of Los Angeles,1942,battle & war,battle & war,North America,,United States,27,,,,
Q1086489,massacre of Vassy,1562,attack & violence,attack & violence,Europe,,France,27,,,,
Q1089579,Grand Prix motor racing,1894,politics & diplomacy,politics & diplomacy,,,,27,gap_review;category_guess;region_missing,,,
Q1130017,1995 Rugby World Cup,1995,culture & religion,culture & religion,Africa,,,27,region_boxed;serial_event,,,
Q1137483,2008–2011 Icelandic financial crisis,2008,society & economy,society & economy;politics & diplomacy,Europe,,Iceland,27,,,,
Q1140155,Great Train Robbery,1963,society & economy,society & economy,Europe,,United Kingdom,27,,,,
Q1140920,20th Congress of the Communist Party of the Soviet Union,1956,politics & diplomacy,politics & diplomacy,Europe,,Soviet Union,27,,,,
Q1141784,Sicilian Baroque,1600,politics & diplomacy,politics & diplomacy,Europe,,Italy,27,gap_review;category_guess,,,
Q1144988,Chios massacre,1822,attack & violence,attack & violence,Europe,,Greece,27,,,,
Q1198240,Proclamation of the Irish Republic,1916,politics & diplomacy,politics & diplomacy,Europe,,Irish Republic,27,,,,
Q1207310,Battle of Orsha,1514,battle & war,battle & war,Europe,,Belarus,27,,,,
Q1361929,Indonesia–Malaysia confrontation,1963,battle & war,battle & war,,,,27,region_missing,,,
Q1417490,1929 Hebron massacre,1929,attack & violence,attack & violence,Asia,,Palestine,27,,,,
Q1431007,Treaty of Breda,1667,politics & diplomacy,politics & diplomacy,,,,27,region_missing,,,
Q1434602,Libyan–Egyptian War,1977,battle & war,battle & war,,,,27,region_missing,,,
Q1540751,Glorious Revolution,1868,revolution & uprising,revolution & uprising,Europe,,Kingdom of Spain,27,,,,
Q1548600,Independence of Brazil,1822,politics & diplomacy,politics & diplomacy,South America,,Brazil,27,,,,
Q1573466,Constitution of Greece,1975,politics & diplomacy,politics & diplomacy,Europe,,Greece,27,gap_review,,,
Q1661772,Proclamation of Indonesian Independence,1945,politics & diplomacy,politics & diplomacy,Asia,,Indonesia,27,,,,
Q1747156,2002 Gujarat violence,2002,society & economy,society & economy,Asia,,India,27,,,,
Q1780850,Swedish-Norwegian War 1814,1814,battle & war,battle & war,,,,27,region_missing,,,
Q2003277,Miss Universe 1952,1952,politics & diplomacy,politics & diplomacy,,,,27,category_guess;region_missing,,,
Q2005090,Ponary massacre,1941,attack & violence,attack & violence,Europe,,,27,region_boxed,,,
Q2009640,Indian Airlines flight 814 hijacking,1999,attack & violence,attack & violence,Asia,,India,27,,,,
Q2116320,Final War of the Roman Republic,-32,battle & war,battle & war,,,,27,region_missing,,,
Q2266004,Soviet occupation of Bessarabia and Northern Bukovina,1940,battle & war,battle & war,Europe,,Moldova,27,,,,
Q2276692,New Guinea campaign,1942,battle & war,battle & war,,,,27,region_missing,,,
Q2309409,Morean War,1684,battle & war,battle & war,,,,27,region_missing,,,
Q2320981,Williamite War in Ireland,1689,battle & war,battle & war,,,,27,region_missing,,,
Q2352263,Farhud,1941,attack & violence,attack & violence,,,,27,region_missing,,,
Q2379101,1947–1948 Civil War in Mandatory Palestine,1940,battle & war,battle & war,Europe,,British Empire,27,,,,
Q2440618,Saudia Flight 163,1980,disaster & accident,disaster & accident,Asia,,Saudi Arabia,27,,,,
Q2540011,Armistice of Salonica,1918,politics & diplomacy,politics & diplomacy,,,,27,region_missing,,,
Q2992403,Franco-Syrian War,1920,battle & war,battle & war,,,,27,region_missing,,,
Q3241199,Israeli–Lebanese conflict,2000,battle & war,battle & war,Asia,,Israel,27,gap_review,,,
Q3504310,1984 anti-Sikh riots,1984,attack & violence,attack & violence;society & economy,Asia,,India,27,,,,
Q4338038,Ottoman–Mamluk War of 1516–17,1516,battle & war,battle & war,,,,27,region_missing,,,
Q7879625,Battle of the Seelow Heights,1945,battle & war,battle & war,Europe,,Germany,27,,,,
Q13557549,Annexation of Tibet by the People's Republic of China,1950,politics & diplomacy,politics & diplomacy,Asia,,,27,region_boxed,,,
Q19750438,Garissa University College attack,2015,attack & violence,attack & violence,Africa,,Kenya,27,,,,
Q22673778,2016 Bad Aibling train crash,2016,disaster & accident,disaster & accident,Europe,,Germany,27,,,,
Q25631175,2016 shooting of Dallas police officers,2016,attack & violence,attack & violence,North America,,United States,27,,,,
Q27988528,December 2016 Istanbul bombings,2016,attack & violence,attack & violence,Asia,,Turkey,27,,,,
Q28220142,2018 Brazilian general election,2018,politics & diplomacy,politics & diplomacy,South America,,Brazil,27,serial_event,,,
Q37150759,2017 Turku attack,2017,attack & violence,attack & violence,Europe,,Finland,27,,,,
Q67527355,2019 Abqaiq-Khurais attack,2019,battle & war,battle & war,Asia,,Saudi Arabia,27,,,,
Q84055415,COVID-19 pandemic in Finland,2020,disaster & accident,disaster & accident,Europe,,Finland,27,,,,
Q96071867,2020 Norilsk oil spill,2020,disaster & accident,disaster & accident,Europe,,Russia,27,,,,
Q112695273,2022 Oslo shooting,2022,attack & violence,attack & violence,Europe,,Norway,27,,,,
Q128034940,2024 Southport stabbings,2024,attack & violence,attack & violence,Europe,,United Kingdom,27,,,,
Q130388076,2024 Lebanon War,2020,battle & war,battle & war,Asia,,Israel,27,,,,
Q131401087,Fall of Damascus,2024,battle & war,battle & war,Asia,,Syria,27,,,,
Q131839191,Grand Kartal fire,2025,disaster & accident,disaster & accident,Asia,,Turkey,27,,,,
Q136548986,Hurricane Melissa,2025,disaster & accident,disaster & accident,,,,27,region_missing,,,
Q17423,same-sex marriage in Spain,2005,society & economy,society & economy,Europe,,Spain,26,,,,
Q18379,Ariane 2,1986,science & exploration,science & exploration,,,,26,region_missing,,,
Q18381,Ariane 3,1984,science & exploration,science & exploration,,,,26,region_missing,,,
Q25861,Regency era,1811,politics & diplomacy,politics & diplomacy,Europe,,United Kingdom of Great Britain and Ireland,26,category_guess,,,
Q26493,Battle of Dandanaqan,1040,battle & war,battle & war,Asia,,Turkmenistan,26,,,,
Q124693,Parsley massacre,1937,attack & violence,attack & violence,North America,,Third Dominican Republic,26,,,,
Q161325,Battle of Ramillies,1706,battle & war,battle & war,Europe,,Belgium,26,,,,
Q206979,Civil Constitution of the Clergy,1790,politics & diplomacy,politics & diplomacy,,,,26,region_missing,,,
Q233642,Second Anglo-Maratha War,1803,battle & war,battle & war,Asia,,British India,26,,,,
Q256664,Doctors' plot,1948,society & economy,society & economy,Europe,,Soviet Union,26,,,,
Q288251,Cisplatine War,1825,battle & war,battle & war,,,,26,region_missing,,,
Q312212,Battle of Nördlingen,1634,battle & war,battle & war,Europe,,Germany,26,,,,
Q313349,Treaty of the Pruth,1711,politics & diplomacy,politics & diplomacy,,,,26,region_missing,,,
Q316139,Battle of Oudenarde,1708,battle & war,battle & war,Europe,,Belgium,26,,,,
Q320394,Battle of Almansa,1707,battle & war,battle & war,Europe,,Spain,26,,,,
Q322936,AMIA bombing,1994,attack & violence,attack & violence,South America,,Argentina,26,,,,
Q408058,Airblue Flight 202,2010,disaster & accident,disaster & accident,Asia,,Pakistan,26,,,,
Q460476,One-Two-GO Airlines Flight 269,2007,disaster & accident,disaster & accident,Asia,,Thailand,26,,,,
Q460887,murder of James Bulger,1993,society & economy,society & economy,Europe,,United Kingdom,26,,,,
Q473834,École Polytechnique massacre,1989,attack & violence,attack & violence,North America,,Canada,26,,,,
Q485384,Sampoong Department Store collapse,1995,disaster & accident,disaster & accident,Asia,,South Korea,26,,,,
Q489416,April Revolution,1960,revolution & uprising,revolution & uprising;society & economy,Asia,,First Republic of South Korea,26,,,,
Q492324,Seven Days Battles,1862,battle & war,battle & war,North America,,United States,26,,,,
Q574341,2001 anthrax attacks,2001,attack & violence,attack & violence,North America,,United States,26,,,,
Q575347,King Michael's Coup,1944,politics & diplomacy,politics & diplomacy,Europe,,Kingdom of Romania,26,,,,
Q589276,Slavery Convention,1926,politics & diplomacy,politics & diplomacy;society & economy,,,,26,region_missing,,,
Q598887,French Constitution of 1793,1793,politics & diplomacy,politics & diplomacy,Europe,,France,26,,,,
Q600609,Battle of Durbe,1260,battle & war,battle & war,Europe,,Latvia,26,,,,
Q634171,Typhoon Tip,1979,disaster & accident,disaster & accident,,,,26,region_missing,,,
Q685062,Siege of Madrid,1936,battle & war,battle & war,Europe,,Spain,26,,,,
Q688909,Armory Show,1913,culture & religion,culture & religion,North America,,United States,26,,,,
Q690391,Battle of Petrovaradin,1716,battle & war,battle & war,Europe,,Serbia,26,,,,
Q691565,Case Anton,1942,battle & war,battle & war,Europe,,France,26,,,,
Q696479,Battle of the Eastern Solomons,1942,battle & war,battle & war,Oceania,,,26,region_boxed,,,
Q696557,Bombing of Darwin,1942,battle & war,battle & war,Oceania,,Australia,26,,,,
Q697368,Treaty of Sistova,1791,politics & diplomacy,politics & diplomacy,,,,26,region_missing,,,
Q698178,Italian invasion of France,1940,battle & war,battle & war,,,,26,region_missing,,,
Q698999,1872 United States presidential election,1872,politics & diplomacy,politics & diplomacy,North America,,United States,26,serial_event,,,
Q699127,Treasure Voyages,1405,science & exploration,science & exploration,Asia,,China,26,,,,
Q699318,1916 United States presidential election,1916,politics & diplomacy,politics & diplomacy,North America,,United States,26,serial_event,,,
Q708580,Battle of Salamanca,1812,battle & war,battle & war,Europe,,Kingdom of Spain,26,,,,
Q717004,Battle of Leyte,1944,battle & war,battle & war,Asia,,Philippines,26,,,,
Q737890,Hurricane Rita,2005,disaster & accident,disaster & accident,,,,26,region_missing,,,
Q741126,Iran Aseman Airlines Flight 6895,2008,disaster & accident,disaster & accident,Asia,,Kyrgyzstan,26,,,,
Q748162,2013 enlargement of the European Union,2013,politics & diplomacy,politics & diplomacy,Europe,,Croatia,26,,,,
Q751139,1977 Vrancea earthquake,1977,disaster & accident,disaster & accident,Europe,,Moldova,26,,,,
Q757669,Atomic Age,1945,politics & diplomacy,politics & diplomacy,,,,26,category_guess;region_missing,,,
Q760629,August Uprising,1924,revolution & uprising,revolution & uprising,multi,,Georgia,26,,,,
Q769358,Battle of Taginae,552,battle & war,battle & war,Europe,,Italy,26,,,,
Q815167,Siege of Constantinople,860,battle & war,battle & war,Asia,,Turkey,26,,,,
Q834456,2002–2004 SARS outbreak,2002,disaster & accident,disaster & accident,,,,26,region_missing,,,
Q838278,Black Saturday bushfires,2009,disaster & accident,disaster & accident,Oceania,,Australia,26,,,,
Q842621,2010 Pichilemu earthquakes,2010,disaster & accident,disaster & accident,South America,,Chile,26,,,,
Q860150,Battle of Charleroi,1914,battle & war,battle & war,Europe,,Belgium,26,,,,
Q873485,Colgan Air Flight 3407,2009,disaster & accident,disaster & accident,North America,,United States,26,,,,
Q879980,Black Hawk War,1832,battle & war,battle & war,,,,26,region_missing,,,
Q891864,Islamabad Marriott Hotel bombing,2008,attack & violence,attack & violence,Asia,,Pakistan,26,,,,
Q897785,Fire of Moscow,1812,disaster & accident,disaster & accident,North America,,Russian Empire,26,,,,
Q906912,Battle of Wakefield,1460,battle & war,battle & war,Europe,,Kingdom of England,26,,,,
Q942894,Khodynka Tragedy,1896,disaster & accident,disaster & accident,North America,,Russian Empire,26,,,,
Q951088,Iran Air Flight 277,2011,disaster & accident,disaster & accident,Asia,,Iran,26,,,,
Q1049945,Jacobite rising of 1745,1745,battle & war,battle & war;revolution & uprising,,,,26,region_missing,,,
Q1056771,Patent Cooperation Treaty,1970,politics & diplomacy,politics & diplomacy;science & exploration,,,,26,region_missing,,,
Q1062615,Battle of Auray,1364,battle & war,battle & war,Europe,,France,26,,,,
Q1116626,Battle of Worcester,1651,battle & war,battle & war,Europe,,Commonwealth of England,26,,,,
Q1127353,Battle of Ad Decimum,533,battle & war,battle & war,Africa,,Tunisia,26,,,,
Q1136370,General Hospital,1963,culture & religion,culture & religion,,,,26,gap_review;region_missing;entity_start,,,
Q1139876,Yemeni unification,1990,politics & diplomacy,politics & diplomacy,Asia,,Yemen,26,category_guess,,,
Q1139930,1975 Cricket World Cup,1975,culture & religion,culture & religion,Europe,,United Kingdom,26,entity_start;serial_event,,,
Q1140646,Battle of Formigny,1450,battle & war,battle & war,Europe,,France,26,,,,
Q1141485,Treaty of Åbo,1743,politics & diplomacy,politics & diplomacy,,,,26,region_missing,,,
Q1145246,partition of the Ottoman Empire,1918,politics & diplomacy,politics & diplomacy,,,,26,region_missing,,,
Q1154073,Lod Airport massacre,1972,attack & violence,attack & violence,Asia,,Israel,26,,,,
Q1157030,Malta Summit,1989,politics & diplomacy,politics & diplomacy,multi,,Malta,26,,,,
Q1247241,Hill Street Blues,1981,culture & religion,culture & religion,,,,26,region_missing;entity_start,,,
Q1265674,Diocletianic Persecution,303,attack & violence,attack & violence,Europe,,Ancient Rome,26,,,,
Q1320053,German-occupied Europe,1939,politics & diplomacy,politics & diplomacy,,,,26,region_missing,,,
Q1323799,El Al Flight 1862,1992,disaster & accident,disaster & accident,Europe,,Netherlands,26,,,,
Q1328537,Battle of Ourique,1139,battle & war,battle & war,Europe,,Portugal,26,,,,
Q1348955,Reapers' War,1640,revolution & uprising,revolution & uprising;battle & war,Europe,,Crown of Aragon,26,,,,
Q1352215,Polish–Russian War of 1792,1792,battle & war,battle & war,,,,26,region_missing,,,
Q1355391,Battle of Appomattox Court House,1865,battle & war,battle & war,North America,,United States,26,,,,
Q1376434,Corfu Channel incident,1946,politics & diplomacy,politics & diplomacy,Europe,,Albania,26,,,,
Q1427630,Battle of Adrianople,1205,battle & war,battle & war,Asia,,Turkey,26,,,,
Q1505845,Arctic convoys of World War II,1941,battle & war,battle & war,,,,26,region_missing,,,
Q1545405,New Zealand Wars,1845,battle & war,battle & war,,,,26,gap_review;region_missing,,,
Q1628477,Battle of Diu,1509,battle & war,battle & war,Asia,,,26,region_boxed,,,
Q1640107,Ifni War,1957,battle & war,battle & war,,,,26,region_missing,,,
Q1783157,Cave of the Patriarchs massacre,1994,attack & violence,attack & violence,Africa,,,26,region_boxed,,,
Q1925730,1979 energy crisis,1979,politics & diplomacy,politics & diplomacy,,,,26,region_missing,,,
Q1968718,Great Syrian Revolt,1925,revolution & uprising,revolution & uprising,Asia,,State of Syria,26,,,,
Q1990627,2003 Bam earthquake,2003,disaster & accident,disaster & accident,Asia,,Iran,26,,,,
Q2086498,First Barons' War,1215,battle & war,battle & war,Europe,,Kingdom of England,26,,,,
Q2299845,Battle of Tigranocerta,-69,battle & war,battle & war,Asia,,Turkey,26,,,,
Q2370272,Unification Act,1918,politics & diplomacy,politics & diplomacy,Europe,,Ukrainian People's Republic,26,,,,
Q2419855,Ukrainian–Soviet War,1917,battle & war,battle & war,,,,26,region_missing,,,
Q2426040,Siege of Thessalonica,1422,battle & war,battle & war,Europe,,Byzantine Empire,26,,,,
Q2475925,1963 Syrian coup d'état,1963,politics & diplomacy,politics & diplomacy,Asia,,Second Syrian Republic,26,,,,
Q2583092,Liberators' Civil War,-43,battle & war,battle & war,,,,26,region_missing,,,
Q2584439,First Egyptian-Ottoman War,1831,battle & war,battle & war,,,,26,region_missing,,,
Q2587808,The Holocaust in Poland,1940,attack & violence,attack & violence,Europe,,Poland,26,,,,
Q2697152,Avianca Flight 203,1989,attack & violence,attack & violence,South America,,Colombia,26,,,,
Q2746536,Killing of Muhammad al-Durrah,2000,society & economy,society & economy,Asia,,Palestine,26,,,,
Q3239539,1980 Summer Olympics boycott,1980,society & economy,society & economy;culture & religion,Europe,,Soviet Union,26,serial_event,,,
Q3849563,Siege of Jerusalem,1244,battle & war,battle & war,Asia,,Kingdom of Jerusalem,26,,,,
Q5023193,death march,1939,politics & diplomacy,politics & diplomacy,,,,26,category_guess;region_missing,,,
Q5432163,fall of communism in Albania,1992,politics & diplomacy,politics & diplomacy,Europe,,Albania,26,category_guess,,,
Q15220536,Riga supermarket roof collapse,2013,disaster & accident,disaster & accident,Europe,,Latvia,26,,,,
Q17560945,2014 Ferguson unrest,2014,society & economy,society & economy,North America,,United States,26,,,,
Q20823597,Trigana Air Service Flight 267,2015,disaster & accident,disaster & accident,Asia,,Indonesia,26,,,,
Q21282871,Colectiv nightclub fire,2015,disaster & accident,disaster & accident,Europe,,Romania,26,,,,
Q29297504,Palm Sunday church bombings,2017,attack & violence,attack & violence;culture & religion,Africa,,Egypt,26,,,,
Q30041564,Siege of Marawi,2017,battle & war,battle & war,Asia,,Philippines,26,,,,
Q42417787,"Bougainville independence referendum, 2019",2019,politics & diplomacy,politics & diplomacy,Oceania,,Papua New Guinea,26,,,,
Q43890449,wedding of Prince Harry and Meghan Markle,2018,culture & religion,culture & religion,Europe,,United Kingdom,26,,,,
Q56400471,2024 Finnish presidential election,2024,politics & diplomacy,politics & diplomacy,Europe,,Finland,26,serial_event,,,
Q87496123,2020 Russia–Saudi Arabia oil price war,2020,battle & war,battle & war,,,,26,region_missing,,,
Q95721899,shooting of Breonna Taylor,2020,attack & violence,attack & violence;battle & war;society & economy,North America,,United States,26,,,,
Q111686059,Russian occupation of Kherson Oblast,2022,battle & war,battle & war,Europe,,Russia,26,,,,
Q116753653,2023 Ohio train derailment,2023,disaster & accident,disaster & accident,North America,,United States,26,,,,
Q124058909,Abdication of Margrethe II,2024,politics & diplomacy,politics & diplomacy,Europe,,Denmark,26,category_guess,,,
Q125504601,2024 Persian Gulf floods,2024,disaster & accident,disaster & accident,,,,26,region_missing,,,
Q135450625,Angara Airlines Flight 2311,2025,disaster & accident,disaster & accident,Europe,,Russia,26,,,,
Q17185,Expedition 3,2001,science & exploration,science & exploration,,,,25,region_missing,,,
Q48163,Battle of Custoza,1866,battle & war,battle & war,Europe,,Italy,25,,,,
Q68478,Peruvian War of Independence,1821,battle & war,battle & war;politics & diplomacy,South America,,,25,region_boxed,,,
Q73974,Institut für Sexualwissenschaft,1919,politics & diplomacy,politics & diplomacy,Europe,,Germany,25,gap_review;category_guess,,,
Q113382,1966 Palomares B-52 crash,1966,disaster & accident,disaster & accident,Europe,,Spain,25,,,,
Q130838,Today,1952,culture & religion,culture & religion,North America,,,25,region_boxed;entity_start,,,
Q169598,Honnō-ji Incident,1582,politics & diplomacy,politics & diplomacy,Asia,,Japan,25,,,,
Q170265,Battle of Bautzen,1813,battle & war,battle & war,Europe,,Germany,25,,,,
Q173025,1950 Italian Grand Prix,1950,culture & religion,culture & religion,Europe,,Italy,25,serial_event,,,
Q196122,Israeli disengagement from the Gaza Strip,2005,politics & diplomacy,politics & diplomacy,Asia,,Palestine,25,,,,
Q211582,Zong massacre,1781,attack & violence,attack & violence,Europe,,Kingdom of Great Britain,25,,,,
Q223622,Battle of Prague,1757,battle & war,battle & war,Europe,,Czech Republic,25,,,,
Q321865,1975 Algiers Agreement,1975,politics & diplomacy,politics & diplomacy,Africa,,,25,region_boxed,,,
Q321885,Erdut Agreement,1995,politics & diplomacy,politics & diplomacy,Europe,,,25,region_boxed,,,
Q326417,Battle of Marston Moor,1644,battle & war,battle & war,Europe,,United Kingdom,25,,,,
Q326668,Operation Enduring Freedom,2001,battle & war,battle & war,,,,25,region_missing,,,
Q377542,Whiskey Rebellion,1791,revolution & uprising,revolution & uprising,,,,25,region_missing,,,
Q381615,Aeroperú Flight 603,1996,disaster & accident,disaster & accident,South America,,Peru,25,,,,
Q382967,Siege of Damascus,1148,battle & war,battle & war,Asia,,Syria,25,,,,
Q386074,Nedelin catastrophe,1960,disaster & accident,disaster & accident,Europe,,Soviet Union,25,,,,
Q431806,Arauco War,1546,battle & war,battle & war,South America,,Chile,25,gap_review,,,
Q458321,Korean Air Lines Flight 902,1978,battle & war,battle & war;disaster & accident,Asia,,South Korea,25,,,,
Q485120,Korean Air Flight 801,1997,disaster & accident,disaster & accident,Asia,,,25,region_boxed,,,
Q559291,Wola massacre,1944,attack & violence,attack & violence;battle & war,Europe,,Poland,25,,,,
Q571893,1939 German ultimatum to Lithuania,1939,politics & diplomacy,politics & diplomacy,,,,25,category_guess;region_missing,,,
Q576292,Fourth Anglo-Dutch War,1780,battle & war,battle & war,,,,25,region_missing,,,
Q582997,Ufa train disaster,1989,disaster & accident,disaster & accident,Europe,,Soviet Union,25,,,,
Q584131,Dana Air Flight 992,2012,disaster & accident,disaster & accident,Africa,,Nigeria,25,,,,
Q593024,Sétif and Guelma massacre,1945,attack & violence,attack & violence,Europe,,France,25,,,,
Q613478,Battle of Djerba,1560,battle & war,battle & war,Africa,,,25,region_boxed,,,
Q629485,2007 Chūetsu offshore earthquake,2007,disaster & accident,disaster & accident,Asia,,Japan,25,,,,
Q640770,Climatic Research Unit email controversy,2009,science & exploration,science & exploration,,,,25,region_missing,,,
Q665566,Aloha Airlines Flight 243,1988,disaster & accident,disaster & accident,North America,,United States,25,,,,
Q690197,Scuttling of the French fleet in Toulon,1942,battle & war,battle & war,Europe,,France,25,,,,
Q690481,Battle of Slankamen,1691,battle & war,battle & war,Europe,,Serbia,25,,,,
Q697266,Battle of Gravelotte,1870,battle & war,battle & war,Europe,,France,25,,,,
Q698226,Dutch East Indies campaign,1941,battle & war,battle & war,Asia,,Dutch East Indies,25,,,,
Q698255,Sportpalast speech,1943,politics & diplomacy,politics & diplomacy,,,,25,region_missing,,,
Q699120,1880 United States presidential election,1880,politics & diplomacy,politics & diplomacy,North America,,United States,25,serial_event,,,
Q699343,1920 United States presidential election,1920,politics & diplomacy,politics & diplomacy,North America,,United States,25,serial_event,,,
Q700569,Sinking of Prince of Wales and Repulse,1941,battle & war,battle & war;disaster & accident,Asia,,,25,region_boxed,,,
Q703378,German Autumn,1977,politics & diplomacy,politics & diplomacy,Europe,,West Germany,25,,,,
Q704536,London Naval Treaty,1930,politics & diplomacy,politics & diplomacy;battle & war,multi,,Empire of Japan,25,,,,
Q715886,Battle of the North Cape,1943,battle & war,battle & war,Europe,,Norway,25,,,,
Q764967,Andijan massacre,2005,attack & violence,attack & violence,Asia,,Uzbekistan,25,,,,
Q776609,Battle of the Bridge of Arcole,1796,battle & war,battle & war,Europe,,Italy,25,,,,
Q780457,Legislative Assembly,1791,politics & diplomacy,politics & diplomacy,Europe,,Kingdom of France,25,,,,
Q784466,Itavia Flight 870,1980,attack & violence,attack & violence;disaster & accident,Europe,,Italy,25,,,,
Q807843,Bishops' Wars,1639,battle & war,battle & war,,,,25,region_missing,,,
Q815128,Siege of Boston,1775,battle & war,battle & war,North America,,United States,25,,,,
Q815170,Siege of La Rochelle,1627,battle & war,battle & war,Europe,,France,25,,,,
Q847827,Super Bowl I,1967,culture & religion,culture & religion,North America,,United States,25,serial_event,,,
Q854206,2009 Iranian presidential election protests,2009,society & economy,society & economy;politics & diplomacy,Asia,,Iran,25,serial_event,,,
Q862543,Fourth Council of Constantinople (Eastern Orthodox),879,culture & religion,culture & religion,,,,25,region_missing,,,
Q883298,Jeltoqsan,1986,attack & violence,attack & violence;society & economy,Asia,,Kazakh Soviet Socialist Republic,25,,,,
Q891868,St Nedelya Church assault,1925,attack & violence,attack & violence;culture & religion,Europe,,Bulgaria,25,,,,
Q906232,Disney Renaissance,1989,politics & diplomacy,politics & diplomacy,,,,25,category_guess;region_missing,,,
Q927194,Polish Round Table Agreement,1989,politics & diplomacy,politics & diplomacy,Europe,,Poland,25,category_guess,,,
Q937332,Battle of Kircholm,1605,battle & war,battle & war,Europe,,Latvia,25,,,,
Q957012,1994 South African general election,1994,politics & diplomacy,politics & diplomacy,Africa,,South Africa,25,serial_event,,,
Q1018743,Ludlow Massacre,1914,attack & violence,attack & violence,North America,,United States,25,,,,
Q1028296,Battle of Grozny,1994,battle & war,battle & war,Europe,,Russia,25,,,,
Q1059090,2010 Thai political protests,2010,society & economy,society & economy,Asia,,,25,region_boxed,,,
Q1061891,Selma to Montgomery marches,1965,society & economy,society & economy,North America,,United States,25,,,,
Q1089686,Champ de Mars Massacre,1791,attack & violence,attack & violence,Europe,,France,25,,,,
Q1150410,Battle of Boyacá,1819,battle & war,battle & war,South America,,Colombia,25,,,,
Q1150578,1740 Batavia massacre,1740,attack & violence,attack & violence,Asia,,Dutch East Indies,25,,,,
Q1153331,Second Ottoman–Venetian War,1499,battle & war,battle & war,,,,25,region_missing,,,
Q1164558,The Concert for Bangladesh,1971,culture & religion,culture & religion,North America,,United States,25,,,,
Q1186448,demon core,1945,politics & diplomacy,politics & diplomacy,,,,25,category_guess;region_missing,,,
Q1192659,Vela incident,1979,science & exploration,science & exploration,multi,,Israel,25,,,,
Q1193959,Battle of Toba-Fushimi,1868,battle & war,battle & war,Asia,,Japan,25,,,,
Q1225409,Moro conflict,1969,revolution & uprising,revolution & uprising,Asia,,Malaysia,25,gap_review,,,
Q1260137,Mayerling Incident,1889,society & economy,society & economy,Europe,,Austria,25,,,,
Q1290184,Congress of Monastir,1908,politics & diplomacy,politics & diplomacy,Europe,,Albania,25,,,,
Q1290590,Siege of Jerusalem,-589,battle & war,battle & war,Africa,,,25,region_boxed,,,
Q1300742,Battle of Flodden,1513,battle & war,battle & war,Europe,,Kingdom of England,25,,,,
Q1326918,Ethiopian Airlines Flight 961,1996,attack & violence,attack & violence;disaster & accident,Africa,,Comoros,25,,,,
Q1341824,Battle of Lyndanisse,1219,battle & war,battle & war,Europe,,Estonia,25,,,,
Q1347812,Treaty of Alexandropol,1920,politics & diplomacy,politics & diplomacy,Asia,,Armenia,25,,,,
Q1348954,365 Crete earthquake,365,disaster & accident,disaster & accident,Europe,,Greece,25,,,,
Q1349804,Council of Pisa,1409,culture & religion,culture & religion,Europe,,Italy,25,,,,
Q1349904,aftermath of World War II,1945,battle & war,battle & war,,,,25,region_missing,,,
Q1350221,Erfurt latrine disaster,1184,disaster & accident,disaster & accident,Europe,,Holy Roman Empire,25,,,,
Q1377536,Latvian–Soviet Peace Treaty (1920),1920,politics & diplomacy,politics & diplomacy,Europe,,Latvia,25,,,,
Q1378270,Battle of Jerusalem,1917,battle & war,battle & war,Africa,,,25,region_boxed,,,
Q1417338,1981 Irish hunger strike,1981,society & economy,society & economy,Europe,,United Kingdom,25,,,,
Q1425882,Battle of the Wilderness,1864,battle & war,battle & war,North America,,United States,25,,,,
Q1481920,Battle of Alarcos,1195,battle & war,battle & war,Europe,,Spain,25,,,,
Q1501196,Catalan Company,1301,battle & war,battle & war,Europe,,Byzantine Empire,25,,,,
Q1540737,Hispano-Moroccan War,1859,battle & war,battle & war,,,,25,region_missing,,,
Q1643006,30 September Movement,1965,politics & diplomacy,politics & diplomacy,Asia,,Indonesia,25,,,,
Q1764124,Third Mithridatic War,-73,battle & war,battle & war,,,,25,region_missing,,,
Q1773984,Battle of Chamdo,1950,battle & war,battle & war,Asia,,People's Republic of China,25,,,,
Q1788393,Battle of Shiroyama,1877,battle & war,battle & war,Asia,,,25,region_boxed,,,
Q1859259,1960 Turkish coup d'état,1960,politics & diplomacy,politics & diplomacy,Asia,,Turkey,25,,,,
Q1995107,Lake Bodom murders,1960,society & economy,society & economy,Europe,,Finland,25,,,,
Q2038907,Battle of Wuhan,1938,battle & war,battle & war,Asia,,People's Republic of China,25,,,,
Q2083368,Siege of Edessa,1144,battle & war,battle & war,Asia,,Turkey,25,,,,
Q2091449,Battle of Mactan,1521,battle & war,battle & war,Asia,,,25,region_boxed,,,
Q2118311,Yugoslav coup d'état,1941,politics & diplomacy,politics & diplomacy,Europe,,Yugoslavia,25,,,,
Q2164344,Sand Creek massacre,1864,attack & violence,attack & violence,North America,,United States,25,,,,
Q2281806,1929 Arab riots in Palestine,1929,society & economy,society & economy,Asia,,Mandatory Palestine,25,,,,
Q2372837,Air Florida Flight 90,1982,disaster & accident,disaster & accident;society & economy,North America,,United States,25,,,,
Q2384201,Rojava Revolution,2012,revolution & uprising,revolution & uprising,Asia,,Syria,25,,,,
Q2418042,United States bombing of the Chinese embassy in Belgrade,1999,battle & war,battle & war,Europe,,Federal Republic of Yugoslavia,25,,,,
Q2421268,First Taiwan Strait Crisis,1954,battle & war,battle & war;politics & diplomacy,,,,25,region_missing,,,
Q2472593,attempted assassination of Pope John Paul II,1981,society & economy,society & economy;attack & violence;culture & religion;politics & diplomacy,Europe,,Vatican City,25,,,,
Q2723024,Enron scandal,2001,politics & diplomacy,politics & diplomacy,,,,25,region_missing,,,
Q2992979,Operation Polo,1948,battle & war,battle & war,,,,25,region_missing,,,
Q3487920,Intelligenzaktion,1939,attack & violence,attack & violence,Europe,,Nazi Germany,25,,,,
Q3809270,abolition of the Ottoman caliphate,1922,society & economy,society & economy,Asia,,Turkey,25,,,,
Q14626794,August 2013 Ghouta chemical attack,2013,attack & violence,attack & violence;battle & war,Asia,,Syria,25,,,,
Q16938335,2014 Isla Vista killings,2014,attack & violence,attack & violence;society & economy,North America,,United States,25,,,,
Q17614042,2014 Moscow Metro derailment,2014,disaster & accident,disaster & accident,Europe,,Russia,25,,,,
Q18327329,2014 Iguala mass kidnapping,2014,society & economy,society & economy,North America,,Mexico,25,,,,
Q21190910,Yazidi genocide,2014,attack & violence,attack & violence,Asia,,Iraq,25,,,,
Q22067779,2016 Jakarta attacks,2016,attack & violence,attack & violence,Asia,,Indonesia,25,,,,
Q23772755,Kollam temple fire,2016,disaster & accident,disaster & accident;culture & religion,Asia,,India,25,,,,
Q26799687,Austro-Turkish War of 1716–1718,1716,battle & war,battle & war,Europe,,,25,region_boxed,,,
Q56441760,National Museum of Brazil fire,2018,disaster & accident,disaster & accident,South America,,Brazil,25,,,,
Q62023294,Cyclone Idai,2019,disaster & accident,disaster & accident,Africa,,Madagascar,25,,,,
Q62116538,2023 Estonian parliamentary election,2023,politics & diplomacy,politics & diplomacy,Europe,,Estonia,25,serial_event,,,
Q106319526,2021 Hualien train derailment,2021,disaster & accident,disaster & accident,Asia,,Taiwan,25,,,,
Q107337981,Surfside condominium collapse,2021,disaster & accident,disaster & accident,North America,,United States,25,,,,
Q110663445,January 2022 Burkina Faso coup d'état,2022,politics & diplomacy,politics & diplomacy,Africa,,Burkina Faso,25,,,,
Q110685226,Canada convoy protest,2022,society & economy,society & economy;disaster & accident;science & exploration;politics & diplomacy,North America,,Canada,25,,,,
Q111263729,2022 Fukushima earthquake,2022,disaster & accident,disaster & accident,Asia,,Japan,25,,,,
Q116246018,2023 Brovary helicopter crash,2023,disaster & accident,disaster & accident,Europe,,Ukraine,25,,,,
Q125876060,May 2024 solar storms,2024,disaster & accident,disaster & accident,,,,25,region_missing,,,
Q131389544,killing of Brian Thompson,2024,attack & violence,attack & violence;politics & diplomacy,North America,,United States,25,,,,
Q135218122,July 2025 Central Texas floods,2025,disaster & accident,disaster & accident,North America,,United States,25,,,,
Q136190686,Israeli attack on Doha,2025,battle & war,battle & war,Asia,,Qatar,25,,,,
